Date,Number of game,Team,League,Game Number,Score,At-bats,Hits,Doubles,Triples,Homeruns,RBIs,Sacrifice Hits,Sacrifice Flies,Hit-by-pitch,Walks,Intentional Walks,Strikeouts,Stolen Bases,Caught Stealing,Grounded into DP,Left on Base,Pitchers Used,Individual Earned Runs,Earned Runs,Wild Pitches,Balks,Putouts,Assists,Errors,Passed Balls,Double Plays,Triple Plays
20140330,0,SDN,NL,1,3,27,5,0,0,1,3,2,0,0,4,0,10,1,0,2,6,5,1,1,1,0,27,10,0,0,0,0
20140401,0,SDN,NL,2,2,32,6,0,0,1,1,0,0,0,4,0,9,0,0,2,7,6,3,3,0,0,27,8,2,0,0,0
20140402,0,SDN,NL,3,1,33,6,2,0,0,1,0,0,0,0,0,8,1,0,0,6,4,4,4,0,0,27,7,1,0,2,0
20140411,0,SDN,NL,10,6,36,13,3,1,1,6,0,0,0,0,0,6,1,0,1,6,1,0,0,0,0,27,13,1,0,1,0
20140412,0,SDN,NL,11,2,36,10,3,0,0,2,0,1,0,1,0,11,2,0,0,9,4,6,6,0,0,27,7,1,0,0,0
20140413,0,SDN,NL,12,5,31,6,1,0,2,5,0,0,0,3,0,13,0,0,0,5,3,1,1,0,0,27,11,1,0,1,0
20140414,0,SDN,NL,13,5,28,7,2,2,0,3,0,0,0,6,0,3,0,0,3,5,5,3,3,0,0,27,8,2,0,1,0
20140415,0,SDN,NL,14,2,32,8,2,0,0,2,0,0,0,3,0,4,0,1,1,6,5,3,3,0,0,27,6,1,0,2,0
20140416,0,SDN,NL,15,4,29,8,2,0,1,3,2,0,0,2,0,6,0,0,1,5,3,1,1,0,0,27,12,1,0,1,0
20140417,0,SDN,NL,16,1,30,6,1,0,1,1,0,0,0,1,0,7,0,0,3,3,3,3,3,0,0,27,13,0,0,1,0
20140418,0,SDN,NL,17,2,28,5,0,1,1,1,0,0,0,2,0,8,0,0,1,4,2,1,1,0,0,27,8,0,0,1,0
20140419,0,SDN,NL,18,3,30,9,1,1,0,3,2,0,0,0,0,5,2,0,0,5,4,1,1,0,0,27,6,0,0,1,0
20140420,0,SDN,NL,19,3,30,7,1,0,1,3,0,0,0,5,0,7,0,1,2,5,4,4,4,0,0,27,5,0,0,0,0
20140502,0,SDN,NL,30,0,30,3,0,0,0,0,0,0,0,1,0,8,0,0,1,4,3,2,2,1,0,27,16,0,0,1,0
20140503,0,SDN,NL,31,3,34,9,4,0,1,3,0,0,0,2,0,6,0,0,1,6,4,4,4,0,0,27,10,0,0,1,0
20140504,0,SDN,NL,32,4,32,8,3,0,0,4,1,0,1,1,0,7,0,0,1,6,3,1,1,1,0,27,16,3,1,2,0
20140505,0,SDN,NL,33,6,43,9,3,1,2,6,1,0,0,2,0,14,0,0,0,6,8,5,5,0,0,36,19,0,0,2,0
20140506,0,SDN,NL,34,1,37,6,0,0,1,1,0,0,0,1,0,8,1,2,1,4,5,3,3,0,0,33,15,0,0,1,0
20140507,0,SDN,NL,35,0,32,8,0,0,0,0,0,0,1,2,0,5,0,0,2,8,4,4,4,1,0,27,14,3,1,2,0
20140508,0,SDN,NL,36,1,39,7,2,0,1,1,0,0,0,2,0,8,2,0,2,7,4,1,1,1,0,33,10,1,0,0,0
20140509,0,SDN,NL,37,10,35,13,3,1,2,10,1,1,0,3,0,6,0,0,1,6,3,1,1,0,0,27,10,0,0,2,0
20140510,0,SDN,NL,38,9,36,13,1,1,2,9,1,0,0,8,1,6,1,0,0,12,4,3,3,0,0,27,6,0,0,0,0
20140511,0,SDN,NL,39,5,34,10,1,0,1,5,0,0,0,5,1,7,3,0,0,10,4,4,4,2,0,27,8,0,0,0,0
20140520,0,SDN,NL,46,3,31,5,1,0,0,3,0,1,0,3,0,9,1,0,0,5,4,5,5,2,0,27,6,0,0,1,0
20140521,0,SDN,NL,47,0,34,8,0,0,0,0,0,0,0,0,0,8,0,0,1,7,3,2,2,0,0,27,11,1,0,0,0
20140522,0,SDN,NL,48,1,33,7,0,0,1,1,0,0,0,1,0,10,0,0,1,6,4,5,5,1,0,27,12,1,0,1,0
20140523,0,SDN,NL,49,11,36,12,4,0,2,11,0,0,0,3,0,8,1,0,0,4,4,1,1,0,0,27,8,0,1,2,0
20140524,0,SDN,NL,50,2,30,3,0,0,1,2,0,0,0,2,0,5,0,0,1,3,4,3,3,0,0,27,13,0,1,0,0
20140525,0,SDN,NL,51,4,27,5,1,0,0,3,0,1,1,3,0,8,2,0,0,4,5,3,3,0,0,27,7,0,0,1,0
20140602,0,SDN,NL,58,3,33,5,1,0,0,3,0,0,3,5,0,11,1,0,0,11,7,10,10,0,1,27,8,0,1,1,0
20140603,0,SDN,NL,59,1,29,4,1,0,0,1,1,0,0,3,0,11,0,1,0,5,4,4,4,0,0,27,11,0,0,0,0
20140604,0,SDN,NL,60,3,22,1,0,0,0,2,1,1,1,9,2,10,2,0,1,7,4,2,2,0,0,27,4,0,0,0,0
20140606,0,SDN,NL,61,0,32,3,1,0,0,0,0,0,0,0,0,12,0,0,0,5,4,5,5,1,0,27,11,1,0,0,0
20140607,0,SDN,NL,62,4,40,10,5,0,1,4,1,0,0,1,0,6,0,0,1,6,6,3,3,0,0,33,16,0,0,0,0
20140608,0,SDN,NL,63,0,29,2,0,1,0,0,0,0,0,0,0,12,0,0,0,2,5,6,6,0,0,27,7,0,0,1,0
20140618,0,SDN,NL,72,2,28,6,0,0,0,1,2,0,0,0,0,10,1,0,0,4,3,1,1,0,0,27,10,1,1,0,0
20140619,0,SDN,NL,73,4,29,6,0,2,0,4,1,0,0,3,0,5,0,0,0,5,3,0,0,0,0,27,15,1,0,2,0
20140620,0,SDN,NL,74,6,33,9,4,0,2,6,1,1,0,3,0,6,1,0,0,6,4,4,4,2,0,27,11,2,0,1,0
20140621,0,SDN,NL,75,2,34,8,0,1,0,2,0,0,0,3,0,10,0,1,0,8,3,3,3,1,0,27,12,1,0,0,0
20140622,0,SDN,NL,76,1,30,4,2,0,0,1,1,0,0,2,0,6,0,0,0,5,3,2,2,1,0,27,12,1,0,0,0
20140627,0,SDN,NL,80,1,31,6,0,0,0,1,0,1,0,0,0,9,0,0,0,4,4,2,2,1,0,27,10,0,0,1,0
20140628,0,SDN,NL,81,1,30,5,1,0,0,1,1,1,0,5,0,11,1,1,0,9,5,2,2,0,0,27,12,2,0,1,0
20140629,0,SDN,NL,82,2,27,4,1,0,0,2,0,1,0,4,1,9,0,0,0,6,4,1,1,0,0,27,12,0,0,3,0
20140630,0,SDN,NL,83,1,24,1,0,0,0,1,0,1,0,2,0,5,1,0,0,2,5,0,0,0,0,27,5,0,0,2,0
20140701,0,SDN,NL,84,8,37,16,4,0,2,7,0,1,0,2,0,5,0,1,1,8,4,2,2,0,0,27,14,0,0,1,0
20140702,0,SDN,NL,85,3,30,7,0,0,0,3,0,0,0,3,0,8,0,0,0,6,1,0,0,0,0,27,5,0,0,0,0
20140704,0,SDN,NL,86,2,29,8,2,0,1,2,0,0,0,3,0,6,0,0,2,6,3,0,0,0,0,27,6,0,1,1,0
20140705,0,SDN,NL,87,3,33,6,2,1,0,3,0,2,0,3,1,8,0,0,1,5,6,5,5,1,1,30,15,1,1,1,0
20140706,0,SDN,NL,88,3,30,4,0,0,2,3,0,0,0,5,0,7,0,0,1,5,3,3,3,2,0,27,13,1,1,1,0
20140718,0,SDN,NL,96,4,33,7,0,0,0,4,0,0,1,1,0,7,2,0,0,4,5,5,5,0,0,27,11,0,0,0,0
20140719,0,SDN,NL,97,6,32,8,1,0,3,4,0,0,0,0,0,11,0,0,0,2,4,0,0,0,0,27,10,1,0,1,0
20140720,0,SDN,NL,98,2,35,11,1,1,1,2,1,0,0,3,2,9,1,0,2,11,4,1,1,0,0,27,9,0,0,0,0
20140729,0,SDN,NL,106,3,30,6,0,0,1,3,0,1,2,3,0,7,0,0,0,9,4,1,1,0,0,27,9,0,0,1,0
20140730,0,SDN,NL,107,12,37,16,3,1,2,11,0,0,1,4,1,8,1,0,3,6,3,1,1,0,0,27,19,0,1,1,0
20140731,0,SDN,NL,108,2,30,3,1,0,2,2,0,0,0,0,0,7,0,0,0,1,4,6,6,0,0,27,5,0,0,2,0
20140801,0,SDN,NL,109,10,41,20,3,0,2,9,1,0,0,3,0,6,2,0,2,11,4,0,0,1,0,27,12,2,0,1,0
20140802,0,SDN,NL,110,3,38,9,1,0,0,2,3,0,1,9,2,10,0,1,1,14,7,2,2,1,1,36,14,0,0,2,0
20140803,0,SDN,NL,111,4,36,10,0,0,1,4,1,1,0,8,0,4,4,0,1,13,6,2,2,1,0,30,12,1,0,2,0
20140811,0,SDN,NL,117,4,28,8,2,0,2,4,1,1,1,4,0,5,0,0,1,7,4,3,3,0,0,27,5,0,0,0,0
20140812,0,SDN,NL,118,4,28,5,0,0,0,4,0,1,0,4,0,3,1,0,1,5,3,1,1,0,0,27,11,1,0,1,0
20140813,0,SDN,NL,119,5,32,10,2,0,2,5,0,1,0,3,0,9,0,1,0,7,5,3,3,0,0,27,3,0,0,1,0
20140825,0,SDN,NL,130,1,32,8,0,1,0,1,0,0,0,4,0,7,0,1,1,8,4,10,10,0,0,27,7,0,0,0,0
20140826,0,SDN,NL,131,4,32,7,1,0,1,4,0,0,0,4,0,10,1,0,0,8,4,1,1,0,0,27,7,1,1,1,0
20140827,0,SDN,NL,132,3,37,11,0,0,1,3,0,0,0,6,0,4,0,1,3,11,4,1,1,0,0,30,8,0,1,0,0
20140829,0,SDN,NL,133,3,40,8,0,0,0,2,2,1,0,6,1,9,0,1,0,11,6,2,2,0,0,36,10,0,0,0,0
20140830,0,SDN,NL,134,2,32,7,3,0,0,2,0,0,0,3,0,9,1,0,1,5,4,1,1,0,0,30,6,0,0,0,0
20140831,0,SDN,NL,135,1,29,4,2,0,0,1,1,0,0,1,0,9,0,0,1,3,4,7,7,1,0,27,12,0,1,1,0
20140901,0,SDN,NL,136,3,30,8,1,0,0,3,2,0,0,8,2,10,1,0,0,13,4,1,1,0,0,27,8,0,0,0,0
20140902,0,SDN,NL,137,2,31,10,1,0,1,2,1,0,0,2,0,8,0,1,1,7,3,1,1,0,0,27,16,1,0,0,0
20140903,0,SDN,NL,138,1,30,5,1,0,0,1,0,0,0,2,0,3,0,0,2,4,5,4,4,0,0,27,8,1,0,1,0
20140904,0,SDN,NL,139,1,30,4,1,0,0,0,1,0,0,1,0,8,0,0,0,4,5,5,5,0,0,27,9,2,0,0,0
20140915,0,SDN,NL,149,1,27,3,1,0,0,0,0,0,0,4,0,6,0,0,0,6,1,0,0,0,0,27,12,0,0,2,0
20140916,0,SDN,NL,150,5,32,10,1,1,1,4,0,0,0,5,0,6,2,0,2,8,4,4,4,0,0,27,6,0,0,0,0
20140917,0,SDN,NL,151,2,33,9,2,0,0,2,0,0,0,3,0,12,1,1,2,7,5,5,5,0,0,27,12,1,0,0,0
20140918,0,SDN,NL,152,7,32,12,1,0,2,7,0,1,1,5,1,4,1,1,1,8,5,3,3,1,0,27,8,1,0,0,0
20140919,0,SDN,NL,153,5,31,7,3,0,0,5,0,0,0,3,0,7,0,1,0,5,4,0,0,1,0,27,7,0,0,0,0
20140920,0,SDN,NL,154,3,31,6,4,1,0,2,0,0,0,4,2,9,1,0,0,8,2,2,2,0,0,27,5,0,0,0,0
20140921,0,SDN,NL,155,8,31,8,2,0,0,8,0,2,0,5,1,7,0,0,0,6,4,2,2,0,0,27,9,0,0,0,0
20140922,0,SDN,NL,156,1,29,5,1,0,0,1,0,0,0,3,0,10,1,0,0,7,5,0,0,0,0,27,7,0,0,1,0
20140923,0,SDN,NL,157,2,33,9,0,0,0,2,0,0,0,6,0,7,1,0,2,10,5,3,3,0,0,27,8,0,0,1,0
20140924,0,SDN,NL,158,4,30,6,2,0,1,4,0,0,1,4,1,8,2,0,0,7,5,3,3,0,1,27,7,1,0,1,0
20150409,0,SDN,NL,4,0,41,7,1,0,0,0,0,0,0,5,1,7,0,0,4,10,6,0,0,0,0,36,16,1,0,3,0
20150410,0,SDN,NL,5,1,26,5,1,0,0,1,0,0,0,4,2,6,2,0,2,5,3,0,0,0,0,27,14,0,0,4,0
20150411,0,SDN,NL,6,10,42,20,4,0,0,10,0,1,0,1,0,8,0,1,1,10,3,2,2,0,0,27,8,2,0,1,0
20150412,0,SDN,NL,7,6,32,9,1,2,2,6,0,0,0,4,0,6,1,0,1,6,5,4,4,1,0,27,9,0,1,1,0
20150413,0,SDN,NL,8,4,34,9,2,0,1,4,0,0,0,1,0,7,0,0,0,4,4,4,4,0,0,27,11,1,1,0,0
20150414,0,SDN,NL,9,5,32,8,3,1,1,4,0,0,0,3,1,8,0,0,0,6,3,1,1,0,0,27,12,1,0,3,0
20150415,0,SDN,NL,10,3,29,9,2,0,1,3,0,1,0,2,0,5,0,1,1,5,3,2,2,0,0,27,11,0,0,2,0
20150424,0,SDN,NL,18,0,32,6,1,0,0,0,0,0,0,3,0,9,0,0,1,8,3,3,3,0,0,27,12,1,0,2,0
20150425,0,SDN,NL,19,8,35,8,1,1,3,7,0,0,0,3,0,10,2,0,0,3,5,11,11,0,0,27,10,0,0,0,0
20150426,0,SDN,NL,20,3,28,5,2,0,2,3,0,0,0,2,0,8,1,0,0,3,3,1,1,0,0,27,10,0,0,2,0
20150427,0,SDN,NL,21,4,37,10,2,0,0,4,0,0,0,0,0,7,0,0,0,6,5,7,7,0,0,27,7,2,0,0,0
20150428,0,SDN,NL,22,3,34,6,0,0,2,3,0,0,0,2,0,10,1,0,0,6,4,13,13,3,0,27,6,1,0,0,0
20150429,0,SDN,NL,23,2,31,3,1,0,0,2,0,0,0,0,0,4,0,0,0,2,4,6,6,1,0,27,3,2,2,0,0
20150501,0,SDN,NL,24,14,39,14,2,0,0,13,0,1,1,4,0,4,2,0,0,7,4,3,3,0,0,27,9,0,0,1,0
20150502,0,SDN,NL,25,4,32,8,2,0,0,4,0,0,1,4,1,11,0,0,0,9,3,2,2,0,0,27,9,0,0,1,0
20150503,0,SDN,NL,26,8,31,7,2,0,3,8,0,0,3,1,0,4,1,0,0,3,5,6,6,0,1,27,6,0,0,0,0
20150514,0,SDN,NL,36,8,35,13,0,1,3,8,0,0,0,2,0,8,0,0,2,5,4,3,3,0,0,27,12,1,0,0,0
20150515,0,SDN,NL,37,0,33,7,0,0,0,0,0,0,0,1,0,7,0,0,1,7,4,9,9,0,0,27,15,0,1,2,0
20150516,0,SDN,NL,38,1,31,5,2,0,0,1,0,0,0,4,0,13,0,0,1,7,4,3,3,0,0,27,13,2,0,2,0
20150517,0,SDN,NL,39,5,35,7,1,0,3,5,0,0,0,1,0,9,1,0,0,4,5,10,10,0,0,27,8,0,0,1,0
20150519,0,SDN,NL,40,4,31,5,2,0,0,4,0,0,0,0,0,10,1,0,1,3,3,3,3,0,0,27,7,0,0,0,0
20150520,0,SDN,NL,41,2,30,6,1,0,1,2,2,0,1,4,0,15,0,0,1,8,3,3,3,1,0,27,12,0,0,1,0
20150521,0,SDN,NL,42,0,30,5,0,0,0,0,0,0,0,0,0,7,1,0,2,3,4,3,3,0,0,27,10,0,0,0,0
20150528,0,SDN,NL,49,5,36,9,1,0,0,3,0,0,0,2,0,8,1,0,2,6,5,9,9,0,0,27,9,1,0,0,0
20150529,0,SDN,NL,50,6,31,7,2,0,1,6,2,0,0,5,1,12,0,0,1,6,5,2,2,0,0,27,8,0,0,0,0
20150530,0,SDN,NL,51,2,31,4,1,0,0,1,0,0,0,1,0,6,0,0,1,3,5,4,4,0,0,27,8,1,0,1,0
20150531,0,SDN,NL,52,7,36,13,0,0,1,6,1,1,0,3,0,7,0,0,0,10,2,1,1,0,0,27,11,1,0,0,0
20150601,0,SDN,NL,53,0,28,2,0,0,0,0,0,0,0,0,0,9,0,0,1,1,5,6,6,0,0,27,4,1,0,3,0
20150602,0,SDN,NL,54,7,36,14,1,2,1,7,1,0,0,2,0,13,1,1,0,8,5,2,2,0,0,27,6,0,0,0,0
20150603,0,SDN,NL,55,7,34,10,0,0,0,6,1,1,1,1,0,5,1,0,1,7,3,2,2,0,0,27,11,1,0,3,0
20150612,0,SDN,NL,63,3,35,7,1,0,2,3,0,0,0,3,0,16,1,0,0,8,4,4,4,0,0,27,15,1,0,1,0
20150613,0,SDN,NL,64,2,30,8,1,0,1,2,0,0,0,1,0,7,1,0,1,5,3,1,1,0,0,27,10,0,0,2,0
20150614,0,SDN,NL,65,2,45,11,0,0,0,2,1,0,0,4,0,15,1,1,0,12,7,4,4,0,0,36,15,0,0,3,0
20150615,0,SDN,NL,66,1,32,5,1,0,0,1,1,0,1,3,0,7,1,0,0,9,4,9,9,0,0,27,8,1,0,0,0
20150616,0,SDN,NL,67,5,34,9,0,0,2,3,0,0,0,1,0,12,1,1,1,3,4,6,6,0,0,27,10,0,0,1,0
20150626,0,SDN,NL,76,4,29,8,3,0,0,3,2,1,0,0,0,7,2,0,0,4,4,2,2,0,0,27,12,0,0,2,0
20150627,0,SDN,NL,77,7,38,15,5,0,1,7,0,0,0,1,0,8,0,0,1,8,3,2,2,0,0,27,10,1,0,2,0
20150628,0,SDN,NL,78,4,31,5,1,0,3,4,1,0,0,2,0,3,0,0,0,3,5,5,5,0,0,27,5,1,1,0,0
20150630,0,SDN,NL,79,0,27,1,1,0,0,0,0,0,1,4,0,7,0,0,1,5,4,1,1,0,0,27,5,2,0,0,0
20150701,0,SDN,NL,80,0,29,3,1,0,0,0,0,0,1,1,0,10,1,0,1,4,4,6,6,0,0,27,8,1,0,0,0
20150717,0,SDN,NL,91,4,28,6,1,0,3,4,0,0,0,3,0,11,1,0,2,4,5,1,1,0,0,27,15,1,0,2,0
20150718,0,SDN,NL,92,5,28,5,1,0,2,5,0,0,0,4,0,7,0,0,1,3,4,4,4,0,0,27,11,0,0,0,0
20150720,0,SDN,NL,93,4,31,10,2,1,1,4,0,1,1,4,0,6,0,0,1,9,4,2,2,0,0,27,9,1,0,1,0
20150721,0,SDN,NL,94,3,29,4,1,0,0,3,0,1,1,2,0,7,0,0,2,3,4,9,9,1,0,27,14,0,0,2,0
20150722,0,SDN,NL,95,1,32,6,1,0,1,1,0,0,0,3,0,8,1,1,0,7,5,7,7,0,0,27,10,0,1,1,0
20150723,0,SDN,NL,96,0,27,3,0,0,0,0,1,0,1,4,0,9,0,1,1,6,4,3,3,1,0,27,15,2,0,1,0
20150724,0,SDN,NL,97,3,31,8,2,0,3,3,0,0,1,0,0,6,0,0,0,5,3,1,1,0,0,27,14,0,0,0,0
20150725,0,SDN,NL,98,3,30,8,1,0,0,3,1,1,0,2,0,9,1,0,0,7,4,1,1,0,0,27,10,0,0,1,0
20150726,0,SDN,NL,99,3,29,7,1,1,1,3,1,1,0,1,0,8,0,0,0,5,4,2,2,0,0,27,12,0,0,0,0
20150807,0,SDN,NL,110,3,46,11,1,1,0,3,0,0,2,3,0,12,2,0,0,12,7,4,4,0,0,36,10,0,0,0,0
20150808,0,SDN,NL,111,2,34,9,1,0,0,2,0,0,0,1,0,6,0,0,1,6,4,4,4,1,0,27,11,0,0,1,0
20150809,0,SDN,NL,112,3,37,9,1,0,1,3,0,0,0,0,0,7,1,0,0,7,5,5,5,0,0,27,7,0,0,0,0
20150810,0,SDN,NL,113,2,29,7,1,0,1,2,1,0,0,4,0,6,1,0,1,8,5,1,1,0,0,27,8,1,0,0,0
20150811,0,SDN,NL,114,11,36,11,3,0,1,8,0,0,0,5,0,5,0,0,0,6,4,6,6,0,0,27,10,1,0,3,0
20150812,0,SDN,NL,115,3,29,5,1,0,1,3,0,0,1,2,0,11,0,1,2,2,5,7,7,0,1,27,8,0,0,0,0
20150817,0,SDN,NL,119,5,28,9,1,0,2,5,1,0,0,4,0,4,0,0,2,4,4,3,3,0,0,27,12,0,0,0,0
20150818,0,SDN,NL,120,9,33,13,3,1,3,9,0,1,0,6,0,2,0,0,1,7,3,0,0,0,0,27,14,0,0,2,0
20150819,0,SDN,NL,121,3,31,8,3,0,1,3,0,0,1,2,0,9,1,0,0,7,4,2,2,0,0,27,12,0,0,2,0
20150821,0,SDN,NL,122,9,37,13,2,0,3,8,0,0,0,3,0,9,0,1,0,7,6,2,2,1,0,27,11,1,0,0,0
20150822,0,SDN,NL,123,8,35,12,4,1,0,8,2,0,1,2,0,8,0,0,0,8,6,0,0,0,0,27,6,0,1,1,0
20150823,0,SDN,NL,124,3,38,11,3,0,0,3,0,0,1,2,0,6,0,0,0,11,5,9,9,0,0,27,12,2,0,1,0
20150831,0,SDN,NL,131,7,36,12,5,1,0,7,0,1,0,2,1,2,2,0,0,8,2,0,0,0,0,27,13,1,0,0,0
20150901,0,SDN,NL,132,6,39,14,3,1,1,6,0,1,0,3,0,5,0,0,1,10,7,5,5,0,0,27,9,1,2,0,0
20150902,0,SDN,NL,133,3,36,8,2,0,0,3,1,0,0,2,0,11,1,0,1,6,4,4,4,1,0,30,8,2,0,0,0
20150903,0,SDN,NL,134,10,36,15,5,1,2,10,1,0,0,1,0,7,0,1,0,4,5,6,6,0,0,27,10,1,0,0,0
20150904,0,SDN,NL,135,4,31,4,0,0,3,4,0,0,0,2,0,12,1,0,1,2,6,8,8,1,0,27,10,0,0,0,0
20150905,0,SDN,NL,136,0,28,3,0,0,0,0,1,0,1,4,0,6,0,0,0,7,4,2,2,1,0,27,8,0,0,0,0
20150906,0,SDN,NL,137,1,32,6,1,0,1,1,0,0,0,4,0,8,1,0,1,8,5,2,2,0,0,27,6,1,0,1,0
20150907,0,SDN,NL,138,4,35,11,4,0,1,3,0,0,0,3,0,12,0,0,2,7,5,4,4,0,0,27,7,2,0,1,0
20150908,0,SDN,NL,139,2,30,7,3,0,1,2,2,0,0,4,0,8,0,0,1,9,3,1,1,0,0,27,7,0,0,1,0
20150909,0,SDN,NL,140,11,39,18,5,0,2,11,0,0,1,2,0,2,0,0,3,7,4,4,4,0,0,27,8,1,0,2,0
20150910,0,SDN,NL,141,3,30,6,0,0,1,3,0,2,0,3,0,14,0,0,1,5,3,4,4,0,0,27,10,0,0,0,0
20150922,0,SDN,NL,151,2,32,6,0,0,2,2,0,0,1,5,0,11,1,1,0,9,5,4,4,0,0,27,9,2,0,1,0
20150923,0,SDN,NL,152,5,37,11,4,0,0,5,0,0,0,5,2,6,0,0,0,11,4,3,3,1,0,27,8,1,0,0,0
20150924,0,SDN,NL,153,5,30,6,3,0,1,5,1,0,0,5,1,10,1,0,0,6,8,4,4,1,1,27,11,0,0,2,0
20150925,0,SDN,NL,154,3,33,6,1,0,0,3,0,0,0,3,0,7,1,0,0,6,6,6,6,1,0,27,13,0,0,0,0
20150926,0,SDN,NL,155,3,29,7,3,0,0,3,0,2,1,2,0,8,0,0,0,7,3,0,0,1,0,27,12,0,0,2,0
20150927,0,SDN,NL,156,2,30,5,1,1,0,2,1,0,0,5,1,11,0,0,1,7,4,4,4,0,0,27,10,0,0,1,0
20150929,0,SDN,NL,157,3,34,9,1,1,0,3,0,0,0,2,0,10,0,0,2,6,5,4,4,0,0,27,10,0,1,1,0
20150930,0,SDN,NL,158,0,29,6,1,0,0,0,0,0,0,5,0,9,0,1,2,7,5,5,5,0,0,27,10,1,0,2,0
20151001,0,SDN,NL,159,3,25,6,0,0,1,3,1,0,0,7,0,5,0,1,2,6,4,1,1,1,0,27,6,0,1,1,0
20160404,0,SDN,NL,1,0,31,4,1,0,0,0,0,0,0,2,0,10,0,0,0,6,5,14,14,2,0,27,10,2,0,0,0
20160405,0,SDN,NL,2,0,29,2,0,0,0,0,0,0,0,0,0,11,0,0,0,2,4,3,3,1,0,27,7,1,0,1,0
20160406,0,SDN,NL,3,0,32,5,0,0,0,0,0,0,0,0,0,7,0,0,0,5,4,7,7,0,0,27,8,0,0,1,0
20160415,0,SDN,NL,11,2,34,8,1,0,0,2,0,0,0,3,2,7,2,0,1,8,4,2,2,0,0,27,15,1,0,1,0
20160416,0,SDN,NL,12,5,54,14,2,0,2,5,0,0,0,5,2,14,3,1,0,13,8,2,2,1,0,42,15,2,1,0,0
20160417,0,SDN,NL,13,3,31,6,1,1,0,2,0,1,0,3,0,10,0,0,0,5,3,7,7,0,0,27,11,0,0,2,0
20160419,0,SDN,NL,14,5,31,9,1,0,3,5,1,0,0,10,0,9,1,1,0,13,6,4,4,0,1,27,10,2,0,2,0
20160420,0,SDN,NL,15,8,33,12,1,1,1,8,0,0,1,4,0,6,0,1,2,6,3,1,1,0,0,27,6,1,0,1,0
20160421,0,SDN,NL,16,1,31,5,0,0,0,1,1,0,1,0,0,10,1,0,0,5,4,9,8,2,0,27,9,0,1,1,0
20160422,0,SDN,NL,17,4,31,9,3,0,1,4,0,1,0,2,1,2,1,0,2,6,4,1,1,0,0,27,13,0,0,0,0
20160423,0,SDN,NL,18,2,29,5,2,0,0,2,1,2,1,4,1,4,0,0,1,8,5,11,11,0,0,27,18,0,0,2,0
20160424,0,SDN,NL,19,5,36,9,1,0,1,5,0,1,1,3,0,10,0,0,0,9,5,7,7,0,0,27,7,1,1,0,0
20160502,0,SDN,NL,26,2,29,6,1,0,0,2,0,0,0,3,1,12,0,0,1,6,4,1,1,0,0,27,15,0,0,3,0
20160503,0,SDN,NL,27,6,32,9,3,0,2,6,0,0,1,1,0,5,0,0,1,4,4,3,3,0,0,27,7,0,0,1,0
20160504,0,SDN,NL,28,0,29,3,1,0,0,0,0,0,0,1,0,7,0,0,1,3,4,2,2,0,0,27,11,1,0,3,0
20160505,0,SDN,NL,29,5,33,11,4,0,2,4,1,0,0,2,0,7,0,0,0,7,3,3,3,0,0,27,10,0,0,0,0
20160506,0,SDN,NL,30,2,29,8,1,0,0,2,0,1,0,2,0,8,2,1,1,6,5,0,0,0,0,27,9,0,0,0,0
20160507,0,SDN,NL,31,3,34,8,0,0,1,3,1,0,0,1,0,9,0,0,0,6,3,6,6,0,0,27,8,0,0,1,0
20160508,0,SDN,NL,32,3,34,8,2,0,1,2,0,0,0,2,0,13,0,0,1,6,5,4,4,0,0,27,14,2,0,3,0
20160517,0,SDN,NL,40,1,33,5,3,0,1,1,0,0,0,0,0,11,0,0,0,5,3,5,5,0,0,27,11,1,0,0,0
20160518,0,SDN,NL,41,1,31,4,1,0,0,1,0,0,0,2,0,8,0,0,0,5,4,2,2,0,0,27,6,1,0,0,0
20160519,0,SDN,NL,42,1,31,4,2,0,0,1,0,0,0,0,0,10,1,0,0,3,3,2,2,1,0,27,6,1,0,1,0
20160520,0,SDN,NL,43,7,29,7,1,0,3,7,2,0,1,8,2,6,0,0,0,9,5,6,6,0,0,27,13,0,0,0,0
20160521,0,SDN,NL,44,3,35,5,1,0,0,3,0,2,0,5,0,19,3,0,0,8,4,2,2,0,0,33,13,0,0,1,0
20160522,0,SDN,NL,45,5,59,9,0,2,0,5,0,0,1,5,1,12,2,0,0,9,7,9,9,3,0,51,14,0,0,1,0
20160601,0,SDN,NL,54,14,43,19,3,0,4,13,0,2,0,1,0,13,1,0,0,8,5,5,5,0,0,27,10,1,0,1,0
20160602,0,SDN,NL,55,13,47,20,2,1,0,11,0,0,1,3,0,10,0,0,1,11,7,15,15,0,0,27,13,1,0,0,0
20160603,0,SDN,NL,56,4,29,4,1,0,1,3,0,0,0,3,0,4,2,0,0,4,3,0,0,0,0,27,5,1,0,0,0
20160604,0,SDN,NL,57,4,34,12,1,0,2,4,0,0,0,1,0,5,0,0,1,7,4,3,3,0,1,27,10,1,0,2,0
20160605,0,SDN,NL,58,3,32,6,1,0,2,3,0,0,0,1,0,12,0,1,0,3,4,9,9,0,0,27,9,2,0,1,0
20160606,0,SDN,NL,59,7,35,11,4,0,1,7,0,1,0,1,0,5,1,0,0,6,3,2,2,0,0,27,8,0,0,0,0
20160607,0,SDN,NL,60,4,32,9,0,0,1,4,0,1,1,4,0,6,2,0,0,9,3,3,3,0,0,27,12,0,0,2,0
20160608,0,SDN,NL,61,2,30,5,0,0,2,2,1,0,0,2,0,9,1,0,0,4,4,4,4,1,0,27,5,0,0,0,0
20160613,0,SDN,NL,65,4,34,7,2,0,4,4,0,0,0,2,0,10,0,0,0,5,5,11,11,0,0,27,11,1,0,1,0
20160614,0,SDN,NL,66,2,34,7,4,0,0,2,0,0,0,2,0,12,1,0,0,7,3,5,5,0,0,27,7,0,0,0,0
20160615,0,SDN,NL,67,6,35,13,4,0,1,6,0,1,1,1,0,6,0,1,0,8,4,3,3,0,0,27,13,0,0,1,0
20160616,0,SDN,NL,68,5,35,10,1,0,1,5,0,1,0,4,0,8,2,0,2,8,4,6,6,0,0,27,9,2,0,0,0
20160617,0,SDN,NL,69,5,36,9,3,0,1,5,0,0,0,5,0,8,0,0,0,9,4,7,7,0,0,27,14,0,0,1,0
20160618,0,SDN,NL,70,7,32,9,2,0,1,6,0,0,0,3,1,10,1,0,2,4,5,2,2,0,0,27,9,1,0,1,0
20160619,0,SDN,NL,71,6,30,10,1,0,0,6,0,1,2,4,0,6,0,1,1,7,4,3,3,0,0,27,5,0,0,1,0
20160628,0,SDN,NL,78,7,34,8,3,0,2,7,0,0,1,6,0,9,2,0,0,7,4,11,11,2,0,27,12,1,0,2,0
20160629,0,SDN,NL,79,6,34,8,4,0,1,6,0,0,0,5,0,8,0,0,1,6,5,10,10,1,0,27,7,1,0,0,0
20160701,0,SDN,NL,80,7,31,8,2,0,2,6,0,0,0,5,0,5,2,0,0,5,5,5,5,1,0,27,11,1,1,1,0
20160702,0,SDN,NL,81,2,29,7,3,0,1,2,0,0,0,3,0,11,3,0,0,6,3,1,1,0,0,27,12,0,0,1,0
20160703,0,SDN,NL,82,3,34,8,1,0,2,3,0,0,0,1,0,12,1,0,0,5,4,5,5,0,0,27,11,1,0,1,0
20160715,0,SDN,NL,90,4,30,7,2,0,2,4,0,0,0,2,0,11,1,0,0,4,4,1,1,1,0,27,8,0,0,2,0
20160716,0,SDN,NL,91,7,36,10,0,1,2,5,0,0,0,7,2,8,3,1,1,9,7,6,6,1,0,30,7,0,1,1,0
20160717,0,SDN,NL,92,5,34,10,1,1,3,5,0,0,0,3,0,8,0,0,1,8,4,2,2,1,0,27,9,2,1,1,0
20160729,0,SDN,NL,103,0,29,6,1,0,0,0,0,0,0,4,0,12,0,0,4,6,3,6,6,0,0,27,9,1,0,0,0
20160730,0,SDN,NL,104,2,33,6,1,0,1,2,0,0,0,2,0,11,1,0,0,6,5,1,1,0,0,30,14,0,0,2,0
20160731,0,SDN,NL,105,2,31,5,0,0,0,1,0,0,1,4,0,12,4,0,0,7,7,3,3,0,0,27,6,0,0,0,0
20160801,0,SDN,NL,106,7,31,10,2,1,0,6,0,1,1,8,0,7,4,1,2,10,5,3,3,0,0,27,13,0,0,2,0
20160802,0,SDN,NL,107,2,32,6,0,0,0,2,0,0,0,2,0,7,1,1,0,5,4,3,3,1,0,27,13,0,0,1,0
20160803,0,SDN,NL,108,12,38,14,5,0,2,11,0,0,1,5,0,8,4,0,1,8,2,3,3,0,0,27,7,0,0,0,0
20160805,0,SDN,NL,109,4,33,10,1,0,2,4,0,1,0,2,0,5,1,0,2,5,3,5,5,0,0,27,6,0,0,0,0
20160806,0,SDN,NL,110,9,35,14,5,0,0,8,0,1,1,4,0,5,1,0,1,8,6,6,6,0,0,27,7,3,0,0,0
20160807,0,SDN,NL,111,5,29,5,0,0,2,5,1,1,0,2,0,9,0,0,0,1,5,5,5,0,0,27,10,3,0,3,0
20160818,0,SDN,NL,121,9,35,12,2,0,0,8,0,0,1,6,1,6,1,1,1,9,5,7,7,1,0,27,13,1,0,1,0
20160819,0,SDN,NL,122,7,35,11,3,0,2,7,0,1,0,5,0,11,0,2,1,6,6,3,3,0,0,30,14,1,0,1,0
20160820,0,SDN,NL,123,1,31,3,1,0,1,1,0,0,0,3,0,15,0,0,0,6,3,0,0,1,0,27,14,4,0,4,0
20160821,0,SDN,NL,124,9,34,11,3,1,2,9,0,0,0,3,0,7,0,0,1,4,3,0,0,0,0,27,11,1,0,0,0
20160822,0,SDN,NL,125,1,31,6,1,0,0,0,1,0,0,2,0,14,3,2,0,6,3,5,5,0,0,27,12,0,0,2,0
20160823,0,SDN,NL,126,3,26,4,1,0,0,2,0,1,0,6,0,8,1,0,3,3,5,5,5,1,0,27,10,1,0,0,0
20160824,0,SDN,NL,127,3,33,6,2,2,0,3,0,1,0,3,0,14,0,0,0,7,4,5,5,1,0,27,7,1,0,1,0
20160905,0,SDN,NL,137,2,29,6,1,0,1,2,0,0,0,2,0,8,1,1,0,5,3,1,1,1,0,27,9,0,0,2,0
20160906,0,SDN,NL,138,1,36,9,1,0,1,1,0,0,0,0,0,9,0,0,0,8,4,5,5,0,0,27,9,0,0,2,0
20160907,0,SDN,NL,139,2,32,7,2,0,0,2,1,1,1,0,0,11,0,0,0,6,5,6,4,0,0,27,7,1,0,1,0
20160908,0,SDN,NL,140,14,37,12,3,0,2,13,1,0,1,6,0,8,1,0,0,7,3,1,1,0,0,27,10,0,0,1,0
20160909,0,SDN,NL,141,1,30,5,1,0,1,1,0,0,0,3,0,9,0,0,1,5,4,4,4,0,0,27,11,0,0,2,0
20160910,0,SDN,NL,142,6,31,8,2,0,0,6,0,0,0,3,0,5,0,0,0,5,4,0,0,3,0,27,7,1,0,0,0
20160911,0,SDN,NL,143,2,34,5,1,1,0,2,0,1,0,4,0,9,1,0,0,7,6,3,3,0,0,30,7,0,0,0,0
20160919,0,SDN,NL,150,3,31,8,0,0,1,3,0,0,0,3,0,5,0,1,1,7,3,2,2,0,0,27,16,0,0,2,0
20160920,0,SDN,NL,151,5,26,4,3,0,1,5,0,2,1,5,3,12,1,0,0,5,5,0,0,0,0,27,5,1,0,1,0
20160921,0,SDN,NL,152,2,31,4,2,0,1,2,0,0,0,5,2,11,0,0,0,7,3,3,3,0,0,27,15,0,0,2,0
20160922,0,SDN,NL,153,1,33,6,1,0,1,1,0,0,0,0,0,11,0,1,0,5,3,2,2,0,0,27,9,0,0,0,0
20160923,0,SDN,NL,154,7,30,8,2,0,1,7,0,1,0,3,1,3,0,0,0,3,4,2,2,0,0,27,9,0,0,0,0
20160924,0,SDN,NL,155,6,38,8,1,0,3,6,0,0,0,1,0,10,1,0,1,3,8,9,9,0,0,30,11,2,0,0,0
20160925,0,SDN,NL,156,4,28,8,1,1,1,4,1,0,0,5,0,8,2,0,3,6,4,2,2,0,0,27,14,1,0,1,0
20160927,0,SDN,NL,157,7,29,6,0,0,2,7,0,0,1,3,0,10,0,0,1,2,6,1,1,0,0,27,6,0,0,0,0
20160928,0,SDN,NL,158,6,29,8,2,0,1,6,0,0,1,3,0,8,1,1,1,3,5,5,5,0,0,27,10,0,0,1,0
20160929,0,SDN,NL,159,4,39,14,3,0,0,4,1,0,0,2,0,10,1,1,1,11,5,9,9,1,0,27,8,0,0,0,0
20170407,0,SDN,NL,5,7,31,8,2,0,2,7,2,0,0,7,0,5,1,0,1,9,5,6,6,0,1,27,15,0,0,2,0
20170408,0,SDN,NL,6,2,30,6,3,0,0,2,1,0,1,2,0,5,0,0,0,8,3,1,1,0,0,27,12,0,0,0,0
20170409,0,SDN,NL,7,3,33,7,0,0,2,3,0,0,1,5,0,8,0,0,1,9,3,4,4,0,0,27,8,1,1,0,0
20170418,0,SDN,NL,15,2,32,7,1,0,0,2,0,0,0,2,0,5,0,0,2,5,5,7,7,0,0,27,9,4,0,0,0
20170419,0,SDN,NL,16,1,28,5,0,0,1,1,0,0,0,1,0,6,0,1,1,4,2,0,0,0,0,27,10,0,0,0,0
20170420,0,SDN,NL,17,4,29,5,1,0,2,4,0,0,0,0,0,12,0,1,0,1,3,1,1,0,0,27,10,1,0,1,0
20170421,0,SDN,NL,18,5,31,10,0,1,1,4,1,1,0,3,1,7,1,0,1,7,4,3,3,0,1,27,14,0,0,0,0
20170422,0,SDN,NL,19,3,39,7,2,0,1,3,1,0,0,4,2,17,1,0,0,8,7,6,6,0,0,33,11,2,0,1,0
20170423,0,SDN,NL,20,3,32,7,0,0,1,3,0,0,0,2,0,8,0,1,1,4,4,7,7,0,0,27,11,0,0,0,0
20170502,0,SDN,NL,28,6,29,5,1,1,2,6,0,0,0,5,0,9,0,1,0,4,5,1,1,0,0,27,6,1,0,0,0
20170503,0,SDN,NL,29,3,33,7,1,0,1,3,0,1,0,1,0,6,0,0,0,5,3,6,6,0,0,27,8,3,0,0,0
20170504,0,SDN,NL,30,2,38,7,1,0,0,2,2,0,0,7,0,8,1,0,0,12,5,3,3,0,0,33,15,0,0,2,0
20170505,0,SDN,NL,31,2,28,4,1,0,0,2,1,1,0,6,0,13,0,1,0,7,5,7,7,1,0,27,9,1,0,2,0
20170506,0,SDN,NL,32,2,34,7,0,0,1,1,0,0,0,5,0,12,0,0,1,10,3,10,10,1,0,27,10,1,1,3,0
20170508,0,SDN,NL,33,5,33,10,2,0,3,5,1,0,0,2,0,6,0,0,0,7,4,1,1,0,0,27,12,0,0,0,0
20170509,0,SDN,NL,34,0,29,4,0,0,0,0,0,0,0,1,0,4,0,0,1,3,5,10,10,1,0,27,11,2,0,3,0
20170515,0,SDN,NL,40,6,37,11,3,1,1,6,0,0,0,6,1,12,2,0,0,10,4,5,5,1,0,30,9,0,0,1,0
20170516,0,SDN,NL,41,2,33,8,3,1,1,2,0,0,0,1,0,8,0,0,0,5,2,6,6,0,0,27,10,1,0,1,0
20170517,0,SDN,NL,42,1,33,6,1,1,0,1,0,0,0,2,0,7,1,0,0,7,3,3,3,0,0,27,11,0,0,0,0
20170518,0,SDN,NL,43,2,30,5,0,0,1,1,0,0,1,4,0,9,0,0,2,6,4,3,3,1,0,27,15,2,1,3,0
20170519,0,SDN,NL,44,1,30,4,0,0,0,1,0,0,0,4,0,6,0,0,1,6,6,10,10,0,0,27,9,0,0,0,0
20170520,0,SDN,NL,45,1,31,4,0,0,0,1,0,0,1,5,0,8,0,0,0,9,4,9,9,2,0,27,13,0,0,1,0
20170521,0,SDN,NL,46,5,30,9,2,0,1,4,0,1,1,2,0,2,0,0,1,5,1,1,1,1,0,27,9,0,0,0,0
20170529,0,SDN,NL,53,5,31,8,0,0,1,5,0,0,1,1,0,8,0,0,0,4,5,2,2,0,0,27,9,0,0,2,0
20170530,0,SDN,NL,54,6,33,8,3,0,1,6,0,0,0,3,1,13,0,0,0,6,4,2,2,0,0,27,4,0,0,0,0
20170531,0,SDN,NL,55,2,29,6,1,1,1,2,0,0,0,3,0,9,1,0,1,6,3,0,0,1,0,27,13,1,0,0,0
20170602,0,SDN,NL,56,8,36,14,1,1,3,8,0,1,0,1,0,14,2,0,1,6,5,4,4,0,0,27,12,1,0,0,0
20170603,0,SDN,NL,57,1,30,4,2,0,1,1,0,0,0,1,0,8,0,1,0,3,5,9,9,3,0,27,10,1,0,1,0
20170604,0,SDN,NL,58,1,29,3,0,0,1,1,1,0,0,0,0,10,0,0,0,2,5,3,3,0,0,27,7,0,0,1,0
20170609,0,SDN,NL,62,6,32,14,4,0,1,6,1,0,1,5,0,13,0,2,2,9,4,3,3,0,0,27,8,0,0,2,0
20170610,0,SDN,NL,63,6,36,10,1,0,1,6,0,0,0,4,0,9,0,0,1,7,7,11,11,0,0,27,12,2,0,3,0
20170611,0,SDN,NL,64,3,33,6,0,0,3,3,0,0,0,2,0,9,0,0,0,5,4,8,8,2,0,27,5,2,0,0,0
20170612,0,SDN,NL,65,9,36,14,4,1,2,9,1,0,1,1,0,7,0,0,0,6,4,3,3,1,0,27,10,0,0,1,0
20170613,0,SDN,NL,66,6,34,12,1,0,2,6,2,0,0,2,0,9,3,0,0,8,3,2,2,1,0,27,9,0,0,1,0
20170614,0,SDN,NL,67,4,31,8,2,0,1,4,0,0,0,5,1,11,0,0,0,8,3,2,2,0,0,27,14,0,0,3,0
20170623,0,SDN,NL,74,1,25,2,1,0,0,1,1,0,0,4,1,8,1,0,0,5,4,0,0,1,0,27,12,0,0,2,0
20170624,0,SDN,NL,75,7,28,7,2,0,1,6,2,1,1,3,0,7,2,0,1,4,4,2,2,0,0,27,4,2,0,0,0
20170625,0,SDN,NL,76,5,31,7,1,1,2,5,1,0,0,5,0,12,0,2,1,5,5,7,7,0,0,27,15,0,0,2,0
20170627,0,SDN,NL,77,0,34,7,2,0,0,0,0,0,0,2,0,14,0,0,0,9,2,2,2,0,0,27,8,1,0,1,0
20170628,0,SDN,NL,78,7,35,12,1,1,0,7,1,0,0,5,0,9,2,0,0,10,5,4,4,0,0,27,15,0,0,2,0
20170629,0,SDN,NL,79,6,32,9,1,0,2,6,0,0,0,4,0,8,1,1,0,6,3,0,0,0,0,27,6,0,0,0,0
20170630,0,SDN,NL,80,4,32,6,3,0,1,4,0,1,0,6,0,12,0,0,0,8,4,10,10,0,0,27,11,0,0,2,0
20170701,0,SDN,NL,81,0,31,4,1,0,0,0,0,0,0,1,0,13,2,0,0,5,4,8,8,0,0,27,11,1,0,1,0
20170702,0,SDN,NL,82,5,31,11,3,0,1,4,1,0,1,2,0,7,0,1,2,6,6,3,3,0,0,27,10,0,0,0,0
20170714,0,SDN,NL,89,4,36,11,4,0,0,4,1,0,1,4,0,11,0,0,0,11,6,5,5,0,0,27,14,1,0,2,0
20170715,0,SDN,NL,90,5,30,7,1,0,3,5,1,0,0,3,0,6,0,0,1,4,4,3,3,0,0,27,8,0,0,1,0
20170716,0,SDN,NL,91,7,33,11,2,1,2,7,0,0,1,0,0,10,0,1,1,3,4,1,1,1,0,27,11,0,0,1,0
20170724,0,SDN,NL,99,3,34,8,2,0,2,3,0,0,0,2,0,9,0,0,1,6,2,5,5,0,0,27,15,1,0,2,0
20170725,0,SDN,NL,100,5,36,10,1,0,2,5,0,1,0,0,0,4,0,0,0,5,5,5,5,0,0,27,8,2,0,1,0
20170726,0,SDN,NL,101,6,33,10,2,2,1,6,0,0,1,1,0,11,0,0,1,5,5,3,3,0,0,27,5,0,0,0,0
20170727,0,SDN,NL,102,7,28,7,1,0,2,6,0,0,1,6,0,6,0,1,2,4,4,5,5,0,1,27,12,0,0,1,0
20170728,0,SDN,NL,103,3,28,6,2,0,0,2,0,0,1,6,1,6,0,0,2,8,4,2,2,0,1,27,4,0,0,1,0
20170729,0,SDN,NL,104,4,30,8,2,2,1,4,0,0,0,1,0,9,1,1,1,3,4,2,2,2,0,27,7,0,0,2,0
20170730,0,SDN,NL,105,1,32,6,2,0,1,1,0,0,1,2,0,11,0,0,1,7,3,7,7,0,0,27,13,1,0,1,0
20170801,0,SDN,NL,106,3,25,4,1,0,1,3,0,1,0,2,0,5,0,0,1,1,3,0,0,0,0,27,12,2,0,2,0
20170802,0,SDN,NL,107,2,31,4,0,0,1,2,0,0,0,1,0,9,0,0,0,3,4,5,5,0,0,27,12,1,0,1,0
20170814,0,SDN,NL,118,7,32,10,1,0,1,6,0,2,1,5,0,7,2,0,2,9,6,3,3,0,0,27,10,1,0,0,0
20170815,0,SDN,NL,119,8,32,8,2,0,2,7,0,0,1,5,0,5,1,0,0,6,3,4,4,0,0,27,7,0,1,1,0
20170816,0,SDN,NL,120,3,30,7,3,0,0,2,0,0,0,3,0,16,5,0,1,6,1,0,0,0,0,27,19,1,0,0,0
20170817,0,SDN,NL,121,1,34,8,3,0,0,1,0,0,1,1,0,7,1,0,1,8,4,2,2,0,0,27,7,0,0,2,0
20170818,0,SDN,NL,122,1,28,4,0,0,1,1,1,0,0,3,0,8,0,0,2,4,4,5,5,1,0,27,11,3,0,1,0
20170819,0,SDN,NL,123,3,27,5,0,0,1,2,0,0,0,3,0,10,0,1,1,3,3,0,0,0,0,27,6,1,0,0,0
20170820,0,SDN,NL,124,1,34,5,0,0,0,0,0,0,0,1,0,12,1,0,1,7,6,3,3,0,0,27,8,1,0,1,0
20170828,0,SDN,NL,131,0,29,3,0,0,0,0,0,0,0,0,0,5,0,1,0,2,4,3,3,0,0,27,11,0,0,1,0
20170829,0,SDN,NL,132,6,33,10,1,0,2,6,0,0,1,2,0,4,0,0,1,6,4,2,2,0,0,27,10,2,0,1,0
20170830,0,SDN,NL,133,5,32,8,1,0,2,4,0,0,0,3,0,2,0,1,0,6,5,0,0,0,0,27,11,0,0,2,0
20170901,0,SDN,NL,134,0,29,2,0,0,0,0,0,0,0,0,0,13,0,0,0,2,4,1,1,0,0,27,7,0,0,0,0
20170902,1,SDN,NL,135,6,31,7,2,1,1,6,0,1,0,8,1,9,2,0,0,9,3,5,5,1,0,27,16,0,0,1,0
20170902,2,SDN,NL,136,7,35,11,2,0,1,7,0,0,0,6,1,14,0,0,0,10,4,2,2,2,0,27,9,0,0,1,0
20170903,0,SDN,NL,137,6,31,10,1,0,2,5,1,0,0,4,0,9,1,0,2,6,3,3,3,0,0,27,5,1,0,1,0
20170904,0,SDN,NL,138,0,30,3,0,0,0,0,0,0,0,3,0,10,0,0,1,6,4,2,2,0,0,27,9,0,0,2,0
20170905,0,SDN,NL,139,4,32,9,1,0,1,3,0,0,0,3,0,8,1,0,2,4,4,7,7,0,0,27,9,2,0,0,0
20170906,0,SDN,NL,140,1,30,5,0,0,1,1,0,0,0,6,0,9,0,0,2,8,4,2,2,0,0,27,7,1,0,3,0
20170907,0,SDN,NL,141,3,30,9,1,0,1,3,2,0,1,3,0,4,2,0,0,9,4,0,0,0,0,27,11,0,0,2,0
20170918,0,SDN,NL,150,4,26,4,2,0,2,4,0,0,1,5,1,6,0,2,1,4,5,2,2,0,0,27,6,0,0,1,0
20170919,0,SDN,NL,151,6,31,9,1,0,0,6,0,1,0,4,0,9,1,0,0,6,4,2,2,0,0,27,13,1,0,3,0
20170920,0,SDN,NL,152,7,38,12,0,0,5,7,0,0,0,5,0,8,3,0,1,9,5,8,8,0,0,27,8,3,0,1,0
20170921,0,SDN,NL,153,3,28,7,2,0,1,3,2,1,0,2,0,11,1,0,0,6,3,0,0,0,0,27,13,1,0,3,0
20170922,0,SDN,NL,154,1,33,7,1,1,0,1,0,0,0,1,0,11,2,0,0,6,4,4,4,0,0,27,6,1,0,1,0
20170923,0,SDN,NL,155,5,34,12,3,0,0,4,0,1,1,2,0,9,1,1,0,9,5,0,0,0,0,27,6,1,0,0,0
20170924,0,SDN,NL,156,4,32,8,3,0,3,4,0,0,0,3,0,10,0,1,1,4,5,8,8,1,0,27,7,1,0,1,0
20180329,0,SDN,NL,1,1,39,6,0,0,0,1,0,0,0,6,1,15,1,1,2,8,6,2,2,0,0,36,20,0,0,3,0
20180330,0,SDN,NL,2,6,37,12,2,0,2,6,0,0,1,4,0,7,0,0,1,9,5,5,5,0,0,27,11,2,0,1,0
20180331,0,SDN,NL,3,3,31,6,2,1,1,3,0,0,0,1,0,8,0,0,1,2,4,7,7,0,0,27,7,0,0,0,0
20180402,0,SDN,NL,4,4,35,8,3,1,2,4,0,0,1,5,0,8,0,0,0,10,4,7,7,0,0,27,10,1,0,0,0
20180403,0,SDN,NL,5,8,31,8,1,0,3,8,0,0,1,4,0,7,1,0,2,4,5,4,4,0,0,27,15,0,0,0,0
20180404,0,SDN,NL,6,2,32,6,1,0,0,1,0,0,1,2,0,7,0,0,1,6,4,5,5,1,0,27,10,0,0,0,0
20180405,0,SDN,NL,7,1,31,6,0,0,1,1,0,0,0,0,0,8,0,1,0,3,5,0,0,0,0,27,12,3,0,0,0
20180412,0,SDN,NL,14,0,27,1,0,0,0,0,0,0,0,3,0,6,0,0,0,3,4,3,3,0,0,27,10,1,0,1,0
20180413,0,SDN,NL,15,5,34,8,2,0,1,5,0,0,1,1,0,6,0,0,0,7,4,0,0,0,0,27,12,1,0,2,0
20180414,0,SDN,NL,16,5,34,11,2,0,2,5,0,1,0,4,0,9,0,0,1,10,4,4,4,0,0,27,10,0,0,1,0
20180415,0,SDN,NL,17,10,35,11,3,1,1,9,0,0,1,7,0,12,3,0,1,9,3,1,1,0,0,27,5,0,0,1,0
20180416,0,SDN,NL,18,3,32,6,2,0,1,3,0,0,1,1,0,12,0,0,1,4,5,9,9,0,0,27,9,2,0,1,0
20180417,0,SDN,NL,19,3,41,5,2,0,1,2,0,0,0,7,1,20,1,0,1,9,7,7,7,0,0,36,12,1,0,1,0
20180418,0,SDN,NL,20,4,34,8,1,0,0,4,0,1,1,3,0,13,0,0,0,8,5,11,11,0,0,27,10,1,0,0,0
20180427,0,SDN,NL,27,1,29,6,0,0,1,1,1,0,0,4,0,8,0,1,2,6,4,5,5,0,0,27,12,0,0,2,0
20180428,0,SDN,NL,28,12,38,13,3,1,2,12,0,0,1,4,0,10,2,0,0,7,3,2,2,0,0,27,8,0,0,0,0
20180429,0,SDN,NL,29,2,38,11,2,0,0,2,0,0,0,2,0,12,1,0,0,11,5,14,14,0,0,27,8,0,0,0,0
20180504,0,SDN,NL,33,0,26,0,0,0,0,0,0,0,0,5,0,13,0,0,0,4,4,4,4,1,0,27,12,0,0,1,0
20180505,0,SDN,NL,34,7,30,9,1,1,2,7,0,1,0,5,0,10,0,0,2,5,6,4,4,0,0,27,9,0,0,3,0
20180506,0,SDN,NL,35,3,33,11,1,1,1,3,0,0,0,3,0,8,0,0,1,9,4,0,0,1,0,27,6,2,0,0,0
20180507,0,SDN,NL,36,5,31,8,1,1,0,5,0,1,1,3,0,9,1,2,1,4,3,8,8,0,0,27,10,0,0,1,0
20180508,0,SDN,NL,37,0,29,3,0,0,0,0,0,0,0,1,0,8,0,0,1,3,2,4,4,0,0,27,12,0,0,1,0
20180509,0,SDN,NL,38,2,30,8,3,0,0,2,0,0,0,5,1,8,3,1,1,9,4,1,1,1,0,27,12,0,0,1,0
20180510,0,SDN,NL,39,1,30,5,0,0,1,1,0,0,0,2,0,5,1,0,1,4,4,1,1,1,0,27,7,0,1,1,0
20180511,0,SDN,NL,40,5,38,11,4,1,1,4,0,0,0,3,0,8,0,0,0,9,3,9,9,0,0,27,11,1,0,0,0
20180512,0,SDN,NL,41,2,42,7,1,0,0,1,0,0,0,5,0,14,1,0,1,9,6,1,1,0,0,39,14,0,0,1,0
20180513,0,SDN,NL,42,5,28,8,2,0,0,5,1,2,0,6,0,9,1,0,2,8,2,3,3,1,0,27,14,0,0,2,0
20180514,0,SDN,NL,43,4,34,8,3,1,0,3,0,0,0,3,0,8,1,0,1,6,4,6,6,0,0,27,11,0,0,1,0
20180515,0,SDN,NL,44,4,30,8,0,0,2,4,0,0,0,2,0,7,2,0,1,4,3,0,0,0,0,27,9,0,0,0,0
20180528,0,SDN,NL,55,2,32,6,2,0,1,2,0,0,0,1,0,4,0,0,1,4,3,7,7,0,0,27,13,0,0,2,0
20180529,0,SDN,NL,56,9,33,10,1,0,1,7,1,0,0,2,0,8,0,0,1,3,6,5,5,0,0,27,13,0,0,2,0
20180530,0,SDN,NL,57,3,30,6,2,0,1,2,1,0,0,5,1,9,0,0,0,8,2,2,2,0,0,27,15,0,0,0,0
20180531,0,SDN,NL,58,8,35,10,2,0,1,8,0,0,0,7,1,11,0,0,0,10,4,3,3,1,0,27,12,0,1,1,0
20180601,0,SDN,NL,59,2,33,7,1,1,0,2,0,0,0,3,0,9,0,0,1,7,3,6,6,0,0,27,13,2,0,1,0
20180602,0,SDN,NL,60,8,33,12,1,0,0,8,0,2,0,2,0,4,2,1,1,5,5,2,2,0,0,27,6,0,0,1,0
20180603,0,SDN,NL,61,6,32,9,0,0,2,6,0,0,0,3,1,6,1,1,0,5,5,3,3,0,0,27,10,0,0,1,0
20180604,0,SDN,NL,62,11,35,13,4,1,4,11,1,1,0,5,0,4,0,0,1,7,3,4,4,0,0,27,13,0,0,0,0
20180605,0,SDN,NL,63,1,28,4,0,0,1,1,0,0,0,5,0,9,0,0,3,5,4,14,14,1,0,27,10,1,0,1,0
20180606,0,SDN,NL,64,3,29,7,0,1,0,3,1,0,0,4,0,11,0,1,0,7,5,1,1,0,0,27,7,0,0,0,0
20180619,0,SDN,NL,75,2,36,6,3,0,0,2,0,0,0,3,0,14,1,0,0,7,6,3,3,0,0,30,10,2,0,2,0
20180620,0,SDN,NL,76,4,35,9,2,0,1,3,0,0,0,4,0,11,0,1,1,8,4,11,11,0,0,27,5,2,0,0,0
20180629,0,SDN,NL,84,3,37,12,1,0,0,3,1,0,0,2,0,8,1,0,1,10,4,3,3,0,1,27,11,2,1,0,0
20180630,0,SDN,NL,85,4,28,5,3,0,1,4,1,0,0,2,0,9,0,0,0,3,5,3,3,0,0,27,13,0,0,1,0
20180701,0,SDN,NL,86,5,35,9,1,0,1,5,0,1,0,7,0,10,2,0,0,11,6,7,7,0,0,27,13,1,0,1,0
20180709,0,SDN,NL,93,2,34,5,1,0,1,1,0,0,0,1,0,10,0,0,0,6,2,8,8,2,0,27,15,1,0,2,0
20180710,0,SDN,NL,94,4,31,8,0,0,2,4,0,0,0,1,0,8,0,0,0,4,2,1,1,0,0,27,6,0,0,0,0
20180711,0,SDN,NL,95,2,31,5,2,0,1,2,0,0,0,2,0,12,0,0,1,4,5,3,3,1,0,27,9,2,0,2,0
20180712,0,SDN,NL,96,2,35,8,3,0,0,2,0,0,0,3,0,10,1,0,0,9,4,3,3,1,0,27,10,0,0,1,0
20180713,0,SDN,NL,97,4,39,10,1,0,1,4,0,0,1,4,1,14,0,0,1,10,5,3,3,1,0,30,20,3,0,2,0
20180714,0,SDN,NL,98,6,33,8,3,0,2,6,0,0,0,4,0,4,1,0,2,4,4,11,11,2,0,27,5,0,1,0,0
20180715,0,SDN,NL,99,4,34,9,0,0,2,4,0,0,1,5,0,10,0,0,1,9,5,6,6,0,0,27,7,3,0,0,0
20180727,0,SDN,NL,106,2,32,8,0,0,2,2,0,0,0,0,0,9,0,0,3,3,4,6,6,1,0,27,7,1,0,2,0
20180728,0,SDN,NL,107,4,33,7,4,0,0,4,0,0,0,3,1,9,0,0,1,5,6,9,9,1,0,27,11,1,0,1,0
20180729,0,SDN,NL,108,4,35,8,3,0,0,4,0,0,0,3,0,12,0,0,0,7,4,5,5,1,0,27,12,0,0,0,0
20180730,0,SDN,NL,109,3,44,9,3,0,1,3,1,1,0,2,0,15,1,0,0,9,5,5,5,0,0,36,11,1,0,1,0
20180731,0,SDN,NL,110,2,34,5,2,0,0,2,0,0,0,5,1,10,1,0,1,7,5,3,3,0,0,30,15,0,0,0,0
20180810,0,SDN,NL,118,2,29,7,0,0,1,2,0,0,0,1,1,11,2,0,2,4,4,0,0,0,0,27,12,0,0,1,0
20180811,0,SDN,NL,119,1,32,7,2,1,0,1,0,1,1,4,0,9,1,0,1,10,4,5,5,0,0,27,5,1,0,0,0
20180812,0,SDN,NL,120,9,31,9,0,0,1,6,1,1,0,6,0,7,6,0,1,6,4,3,3,0,0,27,11,2,1,1,0
20180813,0,SDN,NL,121,3,35,6,0,0,2,3,0,1,0,2,0,8,0,0,0,5,3,6,6,1,0,30,19,1,0,1,0
20180814,0,SDN,NL,122,3,34,10,1,1,1,3,0,1,0,1,0,11,1,0,2,6,4,6,6,1,0,27,12,1,0,2,0
20180815,0,SDN,NL,123,2,28,4,2,0,1,2,1,1,0,4,0,11,2,0,1,5,4,3,3,0,0,27,10,0,0,1,0
20180816,0,SDN,NL,124,1,32,5,2,0,1,1,0,0,0,0,0,6,0,0,0,4,6,5,5,0,0,27,5,0,0,0,0
20180817,0,SDN,NL,125,4,33,5,2,0,2,4,0,0,1,7,0,8,1,0,0,10,4,9,9,0,0,27,7,0,0,1,0
20180818,0,SDN,NL,126,7,34,9,1,0,0,7,0,1,0,6,1,11,0,0,0,8,3,6,6,1,0,27,13,1,0,1,0
20180819,0,SDN,NL,127,3,34,8,1,0,1,3,0,0,1,1,0,11,1,1,0,6,5,4,4,0,0,27,4,0,0,1,0
20180828,0,SDN,NL,134,2,29,5,1,0,1,2,0,0,0,2,0,9,0,0,0,5,2,1,1,0,0,27,14,0,0,2,0
20180829,0,SDN,NL,135,8,36,13,3,0,2,8,0,2,0,3,0,5,0,0,0,9,5,3,3,1,0,27,9,1,0,2,0
20180830,0,SDN,NL,136,3,41,6,0,1,1,3,0,1,1,2,1,16,1,1,2,4,7,1,1,0,0,39,15,3,0,0,0
20180831,0,SDN,NL,137,7,34,11,4,0,3,7,0,0,0,2,0,6,0,0,0,5,4,0,0,0,0,27,8,0,0,0,0
20180901,0,SDN,NL,138,2,34,7,2,0,2,2,0,0,0,1,0,4,0,0,0,6,4,4,4,0,0,27,9,0,0,1,0
20180902,0,SDN,NL,139,3,33,7,1,0,0,3,0,0,0,3,0,8,0,0,1,6,3,7,7,1,0,27,7,1,0,0,0
20180914,0,SDN,NL,148,0,28,5,0,0,0,0,0,0,0,5,0,8,0,0,4,6,5,3,3,1,0,27,12,1,1,0,0
20180915,0,SDN,NL,149,3,32,8,1,0,1,3,1,0,0,5,0,7,0,0,2,8,6,6,6,0,0,27,7,0,0,0,0
20180916,0,SDN,NL,150,7,32,8,2,1,2,7,0,0,0,5,0,8,0,0,1,4,5,3,3,0,0,27,8,0,0,1,0
20180917,0,SDN,NL,151,2,30,5,1,0,1,2,0,0,0,4,0,4,1,0,1,5,4,4,4,0,1,27,9,0,0,1,0
20180918,0,SDN,NL,152,4,34,9,3,0,1,4,0,0,0,5,0,10,0,0,2,8,5,5,5,1,0,27,4,1,0,0,0
20180919,0,SDN,NL,153,8,32,10,1,0,2,8,1,1,0,2,0,10,0,0,0,4,5,4,4,0,0,27,11,1,0,2,0
20180928,0,SDN,NL,160,3,48,8,2,0,2,3,0,0,0,7,0,16,2,1,1,10,9,1,1,0,0,45,11,1,1,2,0
20180929,0,SDN,NL,161,4,33,7,0,1,1,4,0,0,0,3,0,6,0,0,1,5,4,5,5,2,0,27,9,0,0,1,0
20180930,0,SDN,NL,162,4,39,11,1,1,1,3,0,0,0,6,1,11,2,0,1,12,5,3,3,0,0,30,13,0,0,1,0
20190328,0,SDN,NL,1,2,27,6,1,0,1,2,0,0,0,1,0,9,0,1,2,2,5,0,0,0,0,27,10,0,0,0,0
20190329,0,SDN,NL,2,4,28,8,2,0,1,4,0,1,1,4,0,9,1,0,0,6,5,1,1,0,0,27,11,0,0,0,0
20190330,0,SDN,NL,3,2,35,8,3,0,0,2,0,0,0,0,0,9,2,0,1,6,5,3,3,1,0,27,11,0,0,1,0
20190331,0,SDN,NL,4,3,32,8,3,0,0,3,0,0,0,5,2,4,0,0,0,10,4,1,1,0,0,27,8,0,0,1,0
20190401,0,SDN,NL,5,3,31,6,1,0,1,3,0,1,0,2,0,5,0,0,1,4,4,9,9,0,1,27,7,1,0,2,0
20190402,0,SDN,NL,6,5,38,11,0,0,3,5,0,0,0,1,0,13,1,0,0,7,4,8,8,1,0,27,13,0,0,0,0
20190403,0,SDN,NL,7,4,28,5,1,0,1,4,0,0,0,6,0,7,0,0,1,6,4,1,1,0,0,27,5,1,0,1,0
20190415,0,SDN,NL,18,2,33,8,1,0,2,2,0,0,1,2,0,7,0,0,1,7,2,5,5,0,0,27,14,1,0,1,0
20190416,0,SDN,NL,19,2,29,5,1,0,1,2,0,0,0,5,0,7,0,0,3,5,5,8,8,0,0,27,6,1,0,0,0
20190418,0,SDN,NL,20,1,30,6,2,0,0,1,0,0,0,2,0,13,0,0,2,4,3,4,4,0,0,27,6,0,0,0,0
20190419,0,SDN,NL,21,2,37,4,1,0,1,2,0,0,0,3,0,13,3,1,1,5,3,2,2,0,0,33,15,2,0,0,0
20190420,0,SDN,NL,22,2,33,7,0,1,1,2,0,0,1,2,0,14,0,0,1,7,4,3,3,0,0,27,9,1,0,0,0
20190421,0,SDN,NL,23,4,32,9,2,0,1,4,0,0,0,0,0,9,0,1,0,4,4,3,3,0,0,27,11,0,0,1,0
20190423,0,SDN,NL,24,6,33,8,1,0,3,6,0,0,0,0,0,6,0,0,0,3,5,3,3,0,0,27,11,0,0,1,0
20190424,0,SDN,NL,25,1,27,4,1,0,1,1,1,0,0,1,0,9,1,0,0,4,3,0,0,0,0,27,7,0,0,1,0
20190503,0,SDN,NL,33,3,32,6,2,0,2,3,1,0,0,2,0,10,0,0,1,5,5,4,4,0,0,27,4,0,0,0,0
20190504,0,SDN,NL,34,6,35,10,1,0,2,6,0,1,2,4,0,8,0,0,2,9,5,7,7,1,0,27,10,0,0,0,0
20190505,0,SDN,NL,35,8,32,7,1,1,2,8,0,1,0,3,0,12,0,0,0,2,4,5,5,0,0,27,10,0,0,1,0
20190506,0,SDN,NL,36,4,30,7,2,0,1,4,0,1,0,1,0,8,0,0,0,4,2,0,0,0,0,27,9,0,0,0,0
20190507,0,SDN,NL,37,6,37,12,2,0,2,5,0,0,0,4,1,9,3,0,0,8,6,7,7,0,0,27,10,1,0,0,0
20190508,0,SDN,NL,38,3,29,5,1,0,2,3,0,0,0,1,0,7,1,0,0,3,3,2,2,1,0,27,8,0,0,1,0
20190516,0,SDN,NL,44,4,26,5,0,0,2,4,1,0,2,3,0,9,0,0,1,4,5,2,2,1,0,27,10,3,0,0,0
20190517,0,SDN,NL,45,3,34,7,1,0,2,3,0,0,0,2,0,15,0,0,1,6,5,5,5,1,0,27,11,1,0,2,0
20190518,0,SDN,NL,46,2,34,8,2,0,0,2,0,0,0,5,0,13,0,0,1,10,5,7,7,0,0,27,10,2,0,2,0
20190519,0,SDN,NL,47,4,30,5,1,0,1,4,0,0,0,3,0,7,0,0,2,2,4,6,6,0,0,27,9,0,0,0,0
20190520,0,SDN,NL,48,2,30,6,0,0,1,2,0,0,0,1,1,12,1,0,0,5,5,1,1,0,0,27,8,0,0,1,0
20190521,0,SDN,NL,49,3,27,4,0,0,1,3,1,0,0,1,0,6,0,0,0,2,4,2,2,0,0,27,9,0,0,0,0
20190522,0,SDN,NL,50,5,30,12,3,0,0,5,1,1,1,5,0,5,0,3,0,9,4,2,2,0,0,27,9,0,0,1,0
20190531,0,SDN,NL,57,5,33,9,1,0,3,4,0,0,0,3,0,13,2,0,0,7,4,2,2,1,0,27,11,1,0,0,0
20190601,0,SDN,NL,58,3,30,4,0,0,1,3,0,0,0,3,0,11,0,0,1,3,5,8,8,0,0,27,13,1,0,0,0
20190602,0,SDN,NL,59,3,31,4,0,0,2,3,0,0,0,2,0,12,0,0,0,3,4,9,9,1,0,27,9,0,0,1,0
20190603,0,SDN,NL,60,8,32,9,1,0,2,8,0,0,0,8,0,6,0,0,1,8,4,2,2,0,0,27,14,0,0,1,0
20190604,0,SDN,NL,61,6,36,10,2,0,3,6,1,0,1,1,0,10,0,0,0,6,4,8,8,0,0,27,12,1,0,0,0
20190605,0,SDN,NL,62,5,34,8,2,0,2,5,1,0,0,7,1,8,1,0,0,10,5,7,7,0,0,27,9,0,0,0,0
20190606,0,SDN,NL,63,5,27,6,0,0,1,4,0,1,0,7,0,9,0,0,2,6,5,4,4,0,0,27,9,1,0,0,0
20190607,0,SDN,NL,64,5,33,8,0,1,1,5,0,0,0,1,0,9,2,0,1,3,5,4,4,2,0,27,11,0,0,2,0
20190608,0,SDN,NL,65,1,34,7,1,0,0,1,0,0,0,2,1,11,0,0,0,8,3,3,3,0,0,27,6,0,1,1,0
20190609,0,SDN,NL,66,2,33,7,1,0,0,2,0,0,0,0,0,7,2,0,2,4,5,4,4,0,0,27,14,1,0,2,0
20190617,0,SDN,NL,73,2,30,7,2,0,1,1,1,0,1,3,0,11,0,0,0,9,3,0,0,0,0,27,11,0,0,2,0
20190618,0,SDN,NL,74,4,33,8,2,0,1,3,0,0,0,3,1,11,3,0,0,8,3,1,1,1,0,27,16,0,0,3,0
20190619,0,SDN,NL,75,8,35,13,0,1,2,8,0,0,0,4,0,7,0,1,0,7,6,7,7,0,0,27,11,1,1,0,0
20190628,0,SDN,NL,81,3,27,7,2,0,2,3,1,0,0,2,0,3,1,1,2,3,5,1,1,0,0,27,11,0,0,0,0
20190629,0,SDN,NL,82,12,36,12,2,0,5,12,0,0,1,4,0,11,0,0,1,5,3,1,1,0,0,27,6,2,0,0,0
20190630,0,SDN,NL,83,3,41,10,1,0,1,3,0,0,0,4,0,13,0,0,1,9,6,4,4,1,0,33,13,2,0,1,0
20190701,0,SDN,NL,84,2,33,5,2,1,0,2,0,1,0,2,0,7,2,0,0,7,4,13,13,1,0,27,10,1,0,0,0
20190702,0,SDN,NL,85,4,34,9,1,0,2,4,0,1,0,0,0,6,0,0,0,4,3,10,10,1,0,27,3,0,0,0,0
20190703,0,SDN,NL,86,5,37,11,1,0,2,5,0,0,0,1,0,9,0,0,0,6,6,7,7,0,0,27,7,0,0,1,0
20190712,0,SDN,NL,91,3,33,9,0,0,1,3,0,0,0,6,0,7,0,0,3,9,5,5,5,1,0,27,11,1,0,3,0
20190713,0,SDN,NL,92,5,32,5,0,0,3,4,1,1,2,8,2,11,2,1,0,9,6,7,7,0,0,30,13,0,0,0,0
20190714,0,SDN,NL,93,1,36,10,0,0,0,1,0,0,0,2,0,10,0,0,1,10,4,4,4,0,0,27,12,2,0,1,0
20190726,0,SDN,NL,103,1,37,5,1,0,1,1,0,0,0,3,0,10,0,1,1,6,6,2,2,2,0,33,9,1,0,1,0
20190727,0,SDN,NL,104,5,28,9,2,0,1,5,1,0,1,5,0,8,0,2,2,6,4,1,1,1,0,27,10,0,0,0,0
20190728,0,SDN,NL,105,6,31,7,0,0,2,6,0,1,1,2,0,7,0,0,1,2,4,7,7,1,0,27,15,0,0,2,0
20190729,0,SDN,NL,106,8,34,10,0,1,5,8,0,0,2,2,0,10,0,1,0,6,3,1,1,1,0,27,6,2,0,0,0
20190730,0,SDN,NL,107,5,37,10,2,0,2,5,0,0,0,2,0,12,0,0,0,7,4,8,8,0,0,27,5,0,0,0,0
20190808,0,SDN,NL,114,9,33,8,2,0,2,6,1,0,1,3,0,8,1,1,0,5,5,3,3,2,0,27,13,0,0,2,0
20190809,0,SDN,NL,115,7,32,11,1,0,1,7,1,0,0,4,0,6,2,0,2,6,4,1,1,0,0,27,8,1,0,0,0
20190810,0,SDN,NL,116,8,35,11,5,1,3,8,0,0,0,3,0,8,0,0,0,6,4,5,5,0,0,27,7,1,0,0,0
20190811,0,SDN,NL,117,3,32,6,1,0,2,2,0,0,0,3,0,10,0,0,1,5,5,8,8,1,0,27,9,1,0,0,0
20190812,0,SDN,NL,118,4,37,10,2,0,1,4,0,0,0,1,0,11,0,0,0,7,6,10,10,2,0,27,8,0,0,1,0
20190813,0,SDN,NL,119,5,32,7,2,0,0,4,0,0,0,9,0,18,0,1,1,9,6,6,6,0,0,27,10,2,0,0,0
20190814,0,SDN,NL,120,7,34,10,1,0,1,7,0,0,1,5,1,10,1,0,0,9,5,2,2,0,0,27,9,0,0,2,0
20190823,0,SDN,NL,127,0,29,5,0,0,0,0,0,0,0,1,0,7,0,0,4,3,4,10,10,1,0,27,14,3,0,0,0
20190824,0,SDN,NL,128,4,32,7,1,0,1,4,1,0,1,6,0,12,0,0,0,9,5,5,5,0,0,27,11,1,0,2,0
20190825,0,SDN,NL,129,3,26,5,3,0,1,3,1,0,0,5,0,7,1,0,0,5,5,1,1,0,0,27,11,1,0,1,0
20190826,0,SDN,NL,130,4,28,4,1,0,0,3,0,0,0,1,0,5,0,0,0,1,3,3,3,0,0,27,4,0,0,0,0
20190827,0,SDN,NL,131,0,30,5,2,0,0,0,0,0,1,2,0,13,2,1,1,6,4,9,9,0,0,27,10,2,0,3,0
20190828,0,SDN,NL,132,4,33,5,2,0,1,3,1,1,1,5,0,10,1,0,0,7,8,4,4,0,0,30,12,1,0,1,0
20190906,0,SDN,NL,140,2,31,5,1,0,0,2,0,0,1,4,0,10,0,0,0,7,4,1,1,1,1,27,11,1,1,1,0
20190907,0,SDN,NL,141,3,29,6,0,0,2,3,0,0,0,4,0,9,1,0,1,6,4,0,0,0,0,27,6,0,0,1,0
20190908,0,SDN,NL,142,2,33,7,2,0,0,2,0,0,1,7,0,7,1,0,1,11,5,1,1,1,0,30,7,0,0,1,0
20190909,0,SDN,NL,143,2,36,9,0,0,0,1,0,1,0,1,0,9,0,1,0,9,6,10,10,1,0,27,11,1,0,0,0
20190910,0,SDN,NL,144,9,39,11,0,1,1,7,0,1,0,6,0,6,0,0,0,9,7,8,8,1,0,30,9,1,0,0,0
20190911,0,SDN,NL,145,4,30,7,0,0,1,3,0,0,0,6,1,11,2,0,0,8,3,0,0,0,0,27,4,0,0,0,0
20190912,0,SDN,NL,146,1,30,5,1,1,0,1,0,0,1,4,0,19,0,0,2,7,5,4,4,0,0,27,5,0,0,1,0
20190920,0,SDN,NL,154,0,29,3,0,0,0,0,0,0,0,3,0,12,0,0,1,5,6,9,9,0,0,27,2,2,0,0,0
20190921,0,SDN,NL,155,2,33,5,0,0,1,2,0,0,1,3,0,9,0,0,1,8,4,4,4,0,0,27,6,0,0,0,0
20190922,0,SDN,NL,156,6,37,10,4,0,2,6,0,0,2,5,0,14,0,0,0,11,8,4,4,0,0,30,10,0,0,0,0
20190924,0,SDN,NL,157,3,32,5,1,1,0,2,0,0,0,4,0,12,0,0,0,6,5,6,6,0,0,27,6,0,0,1,0
20190925,0,SDN,NL,158,4,34,7,1,0,0,3,1,0,1,3,1,14,0,0,0,8,5,6,6,0,0,27,8,0,0,1,0
20190926,0,SDN,NL,159,0,30,3,1,0,0,0,0,0,0,2,0,12,1,0,0,5,5,1,1,0,0,27,10,1,0,2,0
20200724,0,SDN,NL,1,7,30,8,3,0,0,7,0,0,0,7,0,8,2,0,2,6,4,2,2,0,0,27,11,0,0,2,0
20200725,0,SDN,NL,2,5,29,7,2,0,2,5,0,0,0,7,0,13,2,1,0,7,4,1,1,0,0,27,12,1,1,0,0
20200726,0,SDN,NL,3,3,33,6,1,0,1,3,0,0,0,9,1,11,3,0,0,12,7,4,4,0,0,27,12,1,1,1,0
20200727,0,SDN,NL,4,6,29,7,1,1,1,6,0,0,1,4,1,10,0,0,1,4,5,2,2,0,0,27,12,1,0,1,0
20200803,0,SDN,NL,11,5,30,9,1,0,3,5,0,0,0,4,0,5,3,1,0,5,4,4,4,0,0,27,10,1,0,1,0
20200804,0,SDN,NL,12,2,30,4,1,0,1,2,0,0,2,1,0,12,1,0,1,4,5,3,3,1,1,27,8,2,0,0,0
20200805,0,SDN,NL,13,6,35,9,2,0,2,6,0,0,0,5,0,12,2,0,0,7,4,7,7,0,0,27,6,0,1,1,0
20200807,0,SDN,NL,14,3,28,5,0,0,3,3,0,0,0,1,0,7,0,1,0,2,5,0,0,0,0,27,4,1,0,0,0
20200808,0,SDN,NL,15,2,32,7,2,0,2,2,0,0,0,1,0,7,0,0,2,4,4,3,3,0,0,27,10,1,0,1,0
20200809,0,SDN,NL,16,9,35,11,1,0,6,9,0,0,1,4,0,10,0,0,0,7,3,5,5,0,0,27,5,0,1,0,0
20200819,0,SDN,NL,26,6,36,9,2,0,3,6,1,0,0,2,0,8,1,0,0,6,5,2,2,0,0,30,10,2,0,1,0
20200820,0,SDN,NL,27,8,36,10,2,0,3,7,0,0,1,5,0,9,1,0,0,8,6,7,7,0,1,30,7,0,0,0,0
20200821,0,SDN,NL,28,4,27,9,3,0,0,4,2,1,2,5,1,5,0,0,3,9,7,3,3,0,0,27,8,1,0,0,0
20200822,0,SDN,NL,29,13,37,14,1,0,6,13,1,0,1,2,0,8,0,0,0,4,2,2,2,0,0,27,12,0,0,0,0
20200823,0,SDN,NL,30,5,30,6,1,0,1,5,0,0,0,3,0,6,1,0,0,4,6,3,3,0,0,27,7,0,0,1,0
20200825,0,SDN,NL,31,3,38,11,4,1,1,3,0,0,0,3,0,7,0,0,0,11,5,8,8,0,0,27,8,0,1,0,0
20200827,1,SDN,NL,32,10,30,10,0,0,4,9,0,0,1,2,0,8,0,0,0,3,4,7,7,0,0,21,8,2,0,1,0
20200827,2,SDN,NL,33,3,28,9,2,0,1,3,0,0,0,3,0,7,1,0,2,7,4,8,8,2,0,21,6,0,0,0,0
20200907,0,SDN,NL,43,1,30,6,1,0,0,1,0,0,1,4,0,8,4,0,0,10,3,0,0,0,0,27,6,0,0,2,0
20200908,0,SDN,NL,44,14,34,14,5,0,3,13,0,1,2,5,0,4,0,0,2,4,5,5,5,1,0,27,8,0,0,1,0
20200909,0,SDN,NL,45,5,30,8,2,1,1,5,0,0,1,4,0,4,0,0,2,6,4,3,3,1,0,27,6,1,0,0,0
20200910,0,SDN,NL,46,6,31,7,2,0,2,6,0,1,0,1,0,11,2,0,0,3,7,1,1,0,0,27,10,0,0,3,0
20200913,1,SDN,NL,47,6,25,8,2,0,0,5,0,0,0,3,0,3,1,0,1,4,1,0,0,1,0,21,6,0,0,0,0
20200913,2,SDN,NL,48,3,20,6,0,0,1,3,1,0,0,3,0,6,1,2,0,3,4,1,1,1,0,21,7,1,0,1,0
20200914,0,SDN,NL,49,7,35,10,3,0,2,6,0,0,0,0,0,10,0,1,0,4,3,1,1,0,0,27,6,1,0,1,0
20200915,0,SDN,NL,50,1,32,6,2,0,0,1,1,0,0,1,0,6,0,0,0,6,4,3,3,0,0,27,12,0,0,1,0
20200916,0,SDN,NL,51,5,32,6,2,0,2,5,0,0,1,4,0,8,0,0,2,5,9,6,5,2,0,27,12,2,0,0,0
20200922,0,SDN,NL,55,2,28,4,1,0,0,2,0,1,0,7,0,13,2,1,2,7,5,4,4,1,0,27,9,0,0,0,0
20200923,0,SDN,NL,56,2,34,7,2,0,1,2,0,0,0,1,0,9,0,0,0,6,8,5,5,0,0,27,12,0,0,1,0
20200925,2,SDN,NL,58,6,26,7,1,0,2,6,0,0,0,2,0,6,1,0,0,3,5,4,4,0,0,21,4,2,0,0,0
20140404,0,SDN,NL,4,2,33,7,1,0,0,2,0,0,0,4,0,3,0,0,1,8,4,8,8,1,0,24,11,0,0,0,0
20140405,0,SDN,NL,5,0,32,5,1,0,0,0,0,0,0,3,0,10,2,1,1,8,4,5,5,0,0,24,8,0,1,0,0
20140406,0,SDN,NL,6,4,33,7,0,0,1,4,0,1,1,1,1,10,1,0,1,5,5,2,2,0,0,27,8,0,0,1,0
20140408,0,SDN,NL,7,6,42,15,6,1,1,5,0,0,0,0,0,12,0,1,0,9,3,3,3,2,0,24,12,2,1,2,0
20140409,1,SDN,NL,8,0,33,6,3,0,0,0,0,0,0,1,0,10,0,0,0,7,3,1,1,0,0,24,10,1,0,1,0
20140409,2,SDN,NL,9,2,31,5,1,0,0,2,1,0,1,2,0,10,2,1,0,6,4,1,1,1,0,27,6,0,0,0,0
20140421,0,SDN,NL,20,3,33,7,2,0,1,2,2,0,1,3,0,8,0,0,0,9,3,4,4,0,0,24,14,1,0,2,0
20140422,0,SDN,NL,21,2,41,7,2,0,1,2,1,0,0,2,0,12,1,0,1,6,6,1,1,0,0,36,9,2,0,0,0
20140423,0,SDN,NL,22,2,32,5,1,0,0,2,0,1,0,2,0,9,1,0,0,6,2,5,5,0,0,24,10,0,0,0,0
20140424,0,SDN,NL,23,4,42,8,3,0,0,4,0,0,0,4,0,9,1,1,1,6,7,3,3,1,0,36,12,1,1,1,0
20140425,0,SDN,NL,24,1,35,10,0,0,0,1,0,0,0,2,0,13,0,0,1,9,3,11,11,0,0,24,11,0,0,0,0
20140426,0,SDN,NL,25,0,29,3,0,0,0,0,1,0,0,1,0,8,0,0,1,4,3,2,2,0,0,24,6,4,0,0,0
20140427,0,SDN,NL,26,4,32,8,2,0,0,4,0,1,0,6,0,7,2,0,1,8,3,2,2,1,0,27,5,0,0,0,0
20140428,0,SDN,NL,27,6,38,9,4,0,1,6,0,0,0,5,0,8,2,0,1,10,5,4,4,2,0,27,12,0,0,3,0
20140429,0,SDN,NL,28,0,29,3,1,0,0,0,0,0,0,0,0,6,0,0,1,2,3,5,5,0,0,24,14,1,2,1,0
20140430,0,SDN,NL,29,2,32,5,2,0,1,2,0,0,0,0,0,6,1,0,0,3,2,3,3,0,0,24,8,0,0,1,0
20140513,0,SDN,NL,40,2,28,3,1,0,1,2,0,1,2,2,0,7,0,1,0,4,3,1,1,0,0,27,14,1,0,0,0
20140515,1,SDN,NL,41,0,27,3,0,0,0,0,0,0,0,2,0,8,0,1,2,2,2,5,5,1,0,24,7,0,0,0,0
20140515,2,SDN,NL,42,6,36,9,1,0,3,6,0,0,0,3,0,7,0,0,0,6,3,1,1,0,0,27,7,0,1,1,0
20140516,0,SDN,NL,43,1,31,5,1,1,0,1,0,0,0,2,0,7,0,1,0,5,4,1,1,0,0,24,7,3,0,0,0
20140517,0,SDN,NL,44,8,35,10,4,0,2,8,0,0,1,9,0,10,1,0,2,10,5,5,5,1,0,27,13,0,0,5,0
20140518,0,SDN,NL,45,6,39,11,3,0,3,6,0,0,0,3,0,3,1,0,0,6,5,8,8,0,0,29,16,0,0,1,0
20140526,0,SDN,NL,52,5,36,12,5,0,2,5,0,0,0,0,0,7,1,0,2,4,5,6,6,0,0,26,11,1,0,1,0
20140527,0,SDN,NL,53,4,37,10,2,0,1,4,0,0,0,1,0,14,0,0,0,7,5,3,3,0,0,27,10,1,0,1,0
20140528,0,SDN,NL,54,6,39,11,1,2,1,6,0,0,1,2,0,8,0,0,1,9,4,12,12,4,0,24,9,1,0,0,0
20140530,0,SDN,NL,55,4,34,9,3,0,2,3,1,0,1,3,0,6,1,0,0,8,4,1,1,1,0,27,10,0,0,1,0
20140531,0,SDN,NL,56,4,30,10,4,0,0,4,1,1,1,7,0,8,1,2,1,9,4,1,1,0,0,27,12,2,0,2,0
20140601,0,SDN,NL,57,1,28,2,0,0,1,1,0,0,0,0,0,9,0,0,1,0,3,4,4,0,0,24,8,0,0,0,0
20140610,0,SDN,NL,64,2,31,5,2,0,1,2,0,1,1,2,0,6,0,0,1,6,3,5,5,1,0,24,13,1,0,1,0
20140611,0,SDN,NL,65,0,30,5,1,0,0,0,1,0,1,1,0,12,0,1,0,6,3,3,3,0,0,25,9,1,0,1,0
20140612,0,SDN,NL,66,3,35,8,1,0,1,2,0,0,0,0,0,7,0,0,0,5,4,7,7,0,0,24,7,0,0,0,0
20140613,0,SDN,NL,67,2,32,5,2,0,1,2,0,0,0,3,0,8,0,0,0,6,4,6,6,0,0,24,5,0,0,1,0
20140614,0,SDN,NL,68,5,34,9,2,0,1,4,0,0,0,7,0,5,2,0,2,9,4,0,0,1,0,27,6,0,0,0,0
20140615,0,SDN,NL,69,1,27,4,0,0,0,1,2,0,1,5,0,5,1,0,1,7,4,3,3,1,0,24,2,0,0,0,0
20140616,0,SDN,NL,70,1,30,5,0,0,1,1,0,0,0,3,0,7,0,0,2,5,3,5,5,1,0,24,9,0,0,1,0
20140617,0,SDN,NL,71,1,30,4,0,0,1,1,0,0,1,0,0,7,0,0,1,3,3,5,5,1,0,24,12,1,0,0,0
20140623,0,SDN,NL,77,6,34,8,3,0,0,5,0,0,0,1,0,7,0,0,2,2,3,0,0,0,0,27,12,0,0,1,0
20140624,0,SDN,NL,78,7,36,12,1,0,1,7,0,1,1,2,0,6,0,0,3,6,4,2,2,0,0,27,8,0,0,0,0
20140625,0,SDN,NL,79,0,27,0,0,0,0,0,0,0,0,1,0,6,0,0,0,1,4,4,4,0,0,24,5,0,0,0,0
20140707,0,SDN,NL,89,6,32,11,3,1,0,6,1,2,0,5,0,7,2,0,2,7,3,1,1,0,0,27,11,0,0,2,0
20140708,0,SDN,NL,90,1,34,8,2,0,1,1,0,0,0,3,0,9,0,0,1,9,4,2,2,1,0,24,7,0,0,0,0
20140709,0,SDN,NL,91,3,36,10,1,0,2,2,0,0,0,4,0,11,2,0,0,10,3,6,6,0,0,24,8,0,0,0,0
20140710,0,SDN,NL,92,1,29,3,0,0,1,1,1,0,0,1,0,11,1,0,0,3,2,2,2,0,0,24,9,4,1,1,0
20140711,0,SDN,NL,93,6,36,9,2,0,1,6,1,0,0,3,2,8,1,0,0,7,5,3,3,1,0,27,11,0,0,1,0
20140712,0,SDN,NL,94,0,31,5,0,0,0,0,0,0,0,0,0,6,0,0,1,4,2,1,1,0,0,26,8,0,0,1,0
20140713,0,SDN,NL,95,0,31,4,0,0,0,0,0,0,0,2,0,12,0,1,0,6,4,1,1,0,0,24,8,0,0,1,0
20140722,0,SDN,NL,99,0,29,5,1,0,0,0,0,0,0,4,0,7,0,0,4,6,4,6,6,0,0,24,9,0,0,0,0
20140723,0,SDN,NL,100,8,33,8,2,1,0,8,0,2,0,11,1,7,1,0,1,11,5,3,3,1,0,27,12,0,0,0,0
20140724,0,SDN,NL,101,13,42,14,1,1,1,12,0,1,1,4,0,8,0,0,0,8,3,3,3,2,0,27,4,2,0,0,0
20140725,0,SDN,NL,102,5,35,13,1,0,0,5,1,2,0,2,0,7,0,0,2,8,4,2,2,0,0,27,12,2,0,2,0
20140726,0,SDN,NL,103,3,35,9,2,0,0,3,1,0,0,2,0,10,0,0,0,8,5,2,2,0,0,24,13,3,0,2,0
20140727,0,SDN,NL,104,3,37,10,0,0,2,3,0,0,0,1,0,8,1,0,0,8,3,8,8,0,0,24,7,0,0,0,0
20140728,0,SDN,NL,105,0,31,5,0,0,0,0,0,0,1,0,0,14,0,0,0,5,3,2,2,0,0,24,8,1,0,1,0
20140805,0,SDN,NL,112,1,38,12,2,0,1,1,0,0,0,1,0,11,0,0,0,11,3,3,3,0,0,24,11,0,0,1,0
20140806,0,SDN,NL,113,5,36,9,4,0,1,5,1,1,0,4,0,5,0,0,0,7,5,4,4,0,0,30,8,1,1,1,0
20140808,0,SDN,NL,114,1,28,5,1,0,0,1,1,1,1,1,0,11,0,0,2,4,3,1,1,0,0,24,10,1,0,1,0
20140809,0,SDN,NL,115,2,28,4,0,0,0,2,0,1,2,3,0,7,2,1,0,5,5,1,1,0,0,27,7,0,0,0,0
20140810,0,SDN,NL,116,8,37,11,2,1,0,7,0,1,2,4,0,8,0,0,0,9,4,2,2,0,0,27,8,0,0,1,0
20140814,0,SDN,NL,120,3,33,8,3,0,0,3,0,0,0,5,0,6,0,0,1,8,3,4,4,0,0,24,10,1,0,1,0
20140815,0,SDN,NL,121,2,35,8,4,0,1,2,0,0,0,2,0,9,0,0,0,8,2,4,4,1,0,24,10,0,0,0,0
20140816,0,SDN,NL,122,9,34,9,1,1,1,9,0,0,0,10,2,7,1,1,0,8,5,5,5,0,0,27,6,0,0,0,0
20140817,0,SDN,NL,123,6,35,8,0,1,0,5,0,0,0,5,0,7,0,0,0,7,3,7,7,0,0,24,7,0,0,1,0
20140819,0,SDN,NL,124,6,38,14,2,0,1,5,0,0,0,2,0,9,0,1,1,7,5,7,7,0,0,24,8,2,0,0,0
20140820,0,SDN,NL,125,4,34,11,1,0,0,3,1,1,0,3,0,3,2,0,2,8,4,1,1,0,0,27,13,1,0,2,0
20140821,0,SDN,NL,126,1,29,3,0,0,0,1,0,0,0,3,0,12,1,0,1,4,1,2,2,0,0,24,13,0,0,0,0
20140822,0,SDN,NL,127,1,30,4,0,0,0,0,0,0,0,0,0,8,0,0,0,2,3,4,4,0,0,24,10,2,0,0,0
20140823,0,SDN,NL,128,2,29,3,0,0,0,2,0,0,1,2,0,7,0,0,0,3,3,5,5,0,0,24,7,0,0,0,0
20140824,0,SDN,NL,129,7,32,8,0,0,2,7,1,1,0,6,0,11,0,0,1,6,5,4,4,1,0,27,5,0,0,0,0
20140905,0,SDN,NL,140,0,30,3,1,0,0,0,0,0,0,1,0,6,0,0,0,4,4,3,3,0,0,24,12,1,0,1,0
20140906,0,SDN,NL,141,6,47,13,2,0,2,6,0,0,1,3,0,11,1,0,2,9,8,6,6,0,0,34,10,2,0,0,0
20140907,0,SDN,NL,142,0,32,6,1,0,0,0,0,0,0,2,0,10,1,0,1,7,3,6,6,0,0,24,14,1,0,2,0
20140908,0,SDN,NL,143,4,31,4,0,0,1,2,0,0,0,2,0,10,1,0,0,2,5,7,7,0,0,24,9,2,0,1,0
20140909,0,SDN,NL,144,6,35,8,4,0,1,6,0,1,0,3,1,5,1,0,0,6,3,3,3,0,0,27,9,1,0,1,0
20140910,0,SDN,NL,145,0,29,4,1,0,0,0,0,0,0,2,0,8,0,2,1,4,3,4,4,0,0,24,14,0,0,3,0
20140912,0,SDN,NL,146,6,35,11,1,1,1,6,2,0,0,3,0,7,2,0,0,7,4,2,2,0,0,27,15,1,0,3,0
20140913,0,SDN,NL,147,4,34,8,0,1,2,4,0,0,0,3,0,10,0,0,1,6,6,8,8,3,0,24,10,2,0,1,0
20140914,0,SDN,NL,148,6,38,12,3,0,0,5,1,0,2,3,0,12,0,0,0,11,6,6,6,1,0,24,12,1,0,1,0
20140925,0,SDN,NL,159,8,38,11,1,0,4,8,0,0,0,3,0,10,0,0,0,6,6,9,9,1,0,24,8,0,0,0,0
20140926,0,SDN,NL,160,4,34,9,2,0,0,4,1,0,0,3,1,9,0,1,0,7,3,0,0,0,0,27,6,2,0,0,0
20140927,0,SDN,NL,161,1,32,5,1,0,0,1,0,1,1,3,0,8,2,0,0,9,3,3,3,0,0,24,7,1,0,0,0
20140928,0,SDN,NL,162,3,32,7,0,0,0,3,0,1,0,2,0,5,0,0,1,5,7,9,9,0,0,24,10,0,0,0,0
20150406,0,SDN,NL,1,3,31,7,4,0,0,3,0,0,2,2,0,12,1,0,2,5,4,5,5,0,0,24,9,1,0,0,0
20150407,0,SDN,NL,2,7,40,11,1,1,0,6,1,0,0,2,1,7,2,0,0,9,4,3,3,0,0,27,11,0,0,0,0
20150408,0,SDN,NL,3,4,38,11,3,0,2,4,0,0,0,1,0,13,0,0,0,8,4,6,6,1,0,24,7,1,0,0,0
20150417,0,SDN,NL,11,5,34,8,0,0,2,5,0,0,0,2,0,7,0,0,1,4,4,3,3,1,0,27,7,2,0,0,0
20150418,0,SDN,NL,12,6,43,10,2,0,1,6,0,0,0,1,0,13,0,0,0,5,6,7,7,0,0,31,6,1,0,1,0
20150419,0,SDN,NL,13,5,36,10,0,0,2,5,0,0,0,2,0,5,1,0,0,6,4,0,0,0,0,27,6,2,0,0,0
20150420,0,SDN,NL,14,14,44,17,5,1,1,14,0,1,0,1,0,10,0,0,1,5,3,3,3,0,0,27,14,0,1,1,0
20150421,0,SDN,NL,15,7,36,13,4,0,1,7,0,0,1,7,0,5,1,1,2,10,4,6,6,0,0,27,10,0,0,0,0
20150422,0,SDN,NL,16,4,33,7,2,0,2,4,0,0,0,1,0,4,0,0,1,3,4,5,5,1,0,25,12,1,0,2,0
20150423,0,SDN,NL,17,1,31,7,1,0,0,1,0,0,0,3,0,7,0,2,1,6,4,2,2,1,0,24,9,0,0,0,0
20150504,0,SDN,NL,27,0,32,2,0,0,0,0,0,0,0,1,0,9,0,0,0,6,2,2,2,0,0,24,14,1,0,1,0
20150505,0,SDN,NL,28,0,31,4,0,0,0,0,0,0,0,2,0,8,1,0,0,6,3,4,4,0,0,24,10,2,0,1,0
20150506,0,SDN,NL,29,9,42,16,4,1,0,9,0,1,0,7,0,7,3,0,1,14,3,1,1,0,0,27,12,0,0,0,0
20150507,0,SDN,NL,30,0,29,3,2,0,0,0,1,0,0,2,0,8,0,0,0,5,4,11,11,1,0,24,9,0,1,0,0
20150508,0,SDN,NL,31,6,37,12,2,2,2,6,0,0,0,6,0,7,3,2,1,10,4,5,5,0,0,27,6,0,0,0,0
20150509,0,SDN,NL,32,6,49,14,5,0,1,6,0,1,0,4,1,8,3,0,0,12,6,4,4,0,0,36,14,1,0,1,0
20150510,0,SDN,NL,33,1,34,8,1,0,0,1,0,0,0,3,1,9,1,0,1,9,4,2,2,0,0,24,9,0,0,1,0
20150512,0,SDN,NL,34,4,33,6,1,0,0,4,0,0,0,9,0,8,0,0,1,11,3,11,11,0,0,24,8,0,0,0,0
20150513,0,SDN,NL,35,4,32,8,1,0,1,3,1,1,1,2,1,9,2,0,0,6,4,2,2,0,0,27,6,1,1,1,0
20150522,0,SDN,NL,43,1,33,6,2,0,0,1,0,0,0,1,0,7,0,0,0,6,3,1,1,0,0,24,8,1,0,1,0
20150523,0,SDN,NL,44,0,27,1,0,0,0,0,0,0,0,0,0,9,0,0,1,0,3,2,2,0,0,24,5,0,0,0,0
20150524,0,SDN,NL,45,11,44,20,4,0,2,11,0,1,0,3,0,5,0,0,1,10,3,3,3,0,0,27,10,0,0,2,0
20150525,0,SDN,NL,46,3,34,9,1,0,0,3,0,0,0,2,0,10,1,1,0,6,5,3,3,1,0,26,8,0,1,1,0
20150526,0,SDN,NL,47,4,37,9,1,0,0,4,2,0,0,4,1,10,0,0,0,9,6,0,0,2,0,30,7,1,0,1,0
20150527,0,SDN,NL,48,5,35,8,2,0,1,5,1,0,1,3,1,11,1,0,0,8,3,4,4,0,0,27,10,0,0,2,0
20150605,0,SDN,NL,56,6,34,9,1,0,3,6,0,1,0,3,0,5,0,0,1,5,5,2,2,0,0,27,7,0,0,0,0
20150606,0,SDN,NL,57,9,36,10,2,0,2,9,0,0,0,8,0,10,0,0,0,8,5,7,7,0,0,27,9,0,0,0,0
20150607,0,SDN,NL,58,0,31,4,2,0,0,0,0,0,0,2,0,11,0,0,0,6,2,4,4,0,0,24,8,0,0,0,0
20150608,0,SDN,NL,59,5,40,9,5,1,0,5,1,1,0,2,0,10,3,0,0,6,7,3,3,1,0,33,16,0,0,1,0
20150609,0,SDN,NL,60,5,40,14,4,0,1,5,1,0,0,3,0,5,1,0,1,12,4,5,5,1,0,24,11,1,0,0,0
20150610,0,SDN,NL,61,1,31,5,2,0,0,1,0,0,1,2,0,6,0,0,1,6,4,3,3,2,0,24,15,1,0,3,0
20150611,0,SDN,NL,62,6,38,7,0,0,0,5,0,0,1,7,0,12,1,0,2,8,6,2,2,0,0,33,20,2,0,2,0
20150617,0,SDN,NL,68,2,32,5,0,0,2,2,0,0,0,1,0,13,0,0,0,4,5,16,16,1,0,24,11,1,0,1,0
20150618,0,SDN,NL,69,3,33,7,1,1,2,3,0,1,0,2,0,8,2,0,0,6,4,1,1,1,0,27,7,0,0,1,0
20150619,0,SDN,NL,70,2,34,6,1,0,0,2,0,1,0,5,0,7,0,0,0,11,3,4,4,2,0,24,9,1,0,1,0
20150620,0,SDN,NL,71,8,36,10,4,2,2,7,0,0,0,4,0,10,0,0,1,5,1,1,1,0,0,27,11,0,0,1,0
20150621,0,SDN,NL,72,2,34,8,4,0,0,2,0,1,0,0,0,8,0,0,0,6,4,3,3,0,0,24,7,2,0,0,0
20150623,0,SDN,NL,73,3,39,8,3,0,0,3,0,0,0,2,0,18,0,1,0,5,6,2,2,1,0,33,15,0,0,0,0
20150624,0,SDN,NL,74,0,32,5,2,0,0,0,0,0,0,2,0,7,1,0,0,7,3,1,1,0,0,24,8,1,0,1,0
20150625,0,SDN,NL,75,8,37,12,2,1,1,8,0,0,1,2,0,8,0,0,2,5,5,13,13,0,0,24,6,0,0,0,0
20150702,0,SDN,NL,81,5,39,8,2,0,3,5,1,0,0,6,2,9,0,2,0,8,5,3,3,0,0,33,13,0,0,0,0
20150703,0,SDN,NL,82,2,34,8,0,1,1,2,0,0,0,1,0,10,1,0,1,6,4,1,1,0,0,27,11,0,0,4,0
20150704,0,SDN,NL,83,1,32,9,0,0,1,1,2,0,0,2,0,6,0,1,0,8,4,1,1,0,0,24,7,1,0,0,0
20150705,0,SDN,NL,84,1,30,3,0,0,0,1,0,0,0,3,0,9,0,0,0,5,2,3,3,0,0,24,8,0,0,1,0
20150706,0,SDN,NL,85,1,29,7,0,0,0,1,0,1,0,3,0,5,0,1,1,5,3,1,1,0,0,26,12,1,0,1,0
20150707,0,SDN,NL,86,2,34,8,1,0,0,2,1,0,0,1,0,9,0,0,0,7,5,3,3,1,0,24,8,0,0,0,0
20150708,0,SDN,NL,87,2,32,5,2,0,1,2,0,0,0,5,1,9,1,0,0,8,3,5,5,1,0,24,9,0,0,0,0
20150710,0,SDN,NL,88,3,32,8,1,0,1,2,1,1,0,5,0,10,1,0,1,9,4,3,3,1,0,24,6,0,1,0,0
20150711,0,SDN,NL,89,6,37,10,1,0,2,6,0,0,1,2,0,6,0,0,1,7,4,5,5,0,0,27,7,0,0,1,0
20150712,0,SDN,NL,90,2,35,8,0,1,0,2,0,0,0,4,0,5,1,1,0,10,4,1,1,0,0,27,15,0,0,1,0
20150728,0,SDN,NL,100,0,30,4,1,0,0,0,0,0,0,0,0,9,0,0,1,3,2,4,4,0,0,24,8,1,0,2,0
20150729,0,SDN,NL,101,7,38,15,3,0,2,7,2,1,0,3,0,11,3,0,1,10,4,3,3,0,0,27,8,0,0,2,0
20150730,0,SDN,NL,102,8,39,13,2,0,2,8,0,0,0,2,0,6,0,0,1,6,5,5,5,0,0,27,9,2,0,0,0
20150731,0,SDN,NL,103,8,40,12,1,0,0,8,0,1,1,5,0,8,1,0,3,6,5,3,3,0,0,33,13,0,0,0,0
20150801,0,SDN,NL,104,5,33,9,2,1,0,4,1,2,1,0,0,3,0,0,0,5,5,3,3,1,0,27,11,0,0,0,0
20150802,0,SDN,NL,105,2,34,7,0,1,1,2,0,0,0,3,0,15,0,0,0,8,4,5,5,0,0,25,11,0,0,1,0
20150803,0,SDN,NL,106,13,39,13,2,1,3,13,0,1,0,6,0,8,0,0,1,6,4,4,4,1,0,27,13,1,0,1,0
20150804,0,SDN,NL,107,1,33,6,1,0,0,1,0,1,0,1,0,7,1,0,0,7,4,4,4,0,0,24,8,0,0,0,0
20150805,0,SDN,NL,108,5,36,11,3,0,1,5,0,1,0,0,0,12,0,0,1,5,2,7,7,0,0,24,6,1,0,0,0
20150806,0,SDN,NL,109,1,28,2,0,0,1,1,0,0,0,3,0,5,0,0,0,3,4,10,10,0,0,24,11,0,1,0,0
20150814,0,SDN,NL,116,9,36,12,2,1,3,9,1,0,0,3,1,7,0,0,1,4,6,2,2,0,0,27,10,2,0,0,0
20150815,0,SDN,NL,117,7,35,11,4,0,0,6,0,2,0,3,0,8,0,1,0,6,5,4,4,1,0,27,13,2,0,1,0
20150816,0,SDN,NL,118,0,31,5,0,0,0,0,0,0,0,1,0,4,0,0,1,5,3,2,2,0,0,24,8,1,0,2,0
20150825,0,SDN,NL,125,3,32,7,0,0,2,3,0,0,0,1,0,8,0,0,2,3,5,8,8,0,0,24,9,1,0,0,0
20150826,0,SDN,NL,126,6,34,10,1,0,2,6,1,1,0,2,0,11,0,1,0,5,5,5,5,1,0,27,13,1,0,1,0
20150827,0,SDN,NL,127,2,29,3,0,1,0,2,0,1,0,3,0,10,0,0,0,4,3,4,4,1,0,24,9,0,0,0,0
20150828,0,SDN,NL,128,1,29,2,1,0,1,1,0,0,0,2,0,7,0,0,0,3,4,7,7,1,0,24,7,0,0,1,0
20150829,0,SDN,NL,129,3,36,8,1,0,0,3,0,0,2,0,0,6,2,0,0,8,4,4,4,0,0,24,10,1,0,0,0
20150830,0,SDN,NL,130,9,42,16,2,0,3,9,1,0,0,3,0,7,0,0,0,10,2,4,4,0,0,27,10,0,0,3,0
20150911,0,SDN,NL,142,1,31,4,0,0,1,1,0,0,1,0,0,5,0,0,0,4,4,9,9,0,0,24,11,0,0,0,0
20150912,0,SDN,NL,143,0,28,1,0,0,0,0,0,0,0,0,0,9,0,0,0,1,4,8,8,1,0,24,13,1,0,1,0
20150913,0,SDN,NL,144,3,32,5,1,2,1,3,0,0,0,2,0,4,0,0,1,4,6,10,10,1,0,24,7,1,0,0,0
20150914,0,SDN,NL,145,10,36,11,2,0,1,9,1,1,0,5,1,7,2,1,0,6,4,3,3,0,0,27,8,0,0,0,0
20150915,0,SDN,NL,146,4,36,10,1,0,1,2,0,0,0,3,0,8,0,1,1,8,6,6,6,2,0,24,9,0,0,1,0
20150916,0,SDN,NL,147,4,31,5,1,0,1,4,0,0,0,5,0,8,0,0,3,5,3,3,3,0,0,27,7,0,0,2,0
20150918,0,SDN,NL,148,4,35,8,3,0,1,3,1,0,1,3,0,10,0,0,0,9,5,6,6,0,0,24,2,1,0,1,0
20150919,0,SDN,NL,149,2,32,7,2,0,1,2,0,0,0,3,0,10,0,0,2,6,6,10,10,2,0,24,10,1,0,2,0
20150920,0,SDN,NL,150,10,41,15,5,0,4,10,1,0,0,1,0,6,0,0,1,6,4,4,4,3,0,27,5,0,0,0,0
20151002,0,SDN,NL,160,2,30,6,2,0,0,2,1,1,0,1,0,6,0,0,1,4,4,3,3,0,0,24,6,1,0,1,0
20151003,0,SDN,NL,161,1,30,5,0,0,1,1,2,0,1,1,0,9,0,0,0,6,2,2,2,0,0,24,11,0,0,3,0
20151004,0,SDN,NL,162,3,34,7,1,0,1,3,0,0,0,2,0,14,1,0,0,6,6,6,6,1,0,24,6,0,0,1,0
20160408,0,SDN,NL,4,13,44,18,3,1,2,13,0,0,2,5,0,7,3,0,1,11,4,6,6,1,0,27,9,0,0,2,0
20160409,0,SDN,NL,5,16,44,19,2,0,4,16,0,0,0,6,0,8,0,1,2,7,4,3,3,1,0,27,8,1,0,0,0
20160410,0,SDN,NL,6,3,33,8,2,0,0,3,0,1,0,1,0,7,1,1,0,5,2,6,6,0,0,24,14,0,0,1,0
20160411,0,SDN,NL,7,4,31,6,2,0,1,4,1,0,0,2,0,9,0,0,1,3,6,3,3,0,0,27,6,0,0,3,0
20160412,0,SDN,NL,8,0,30,4,1,0,0,0,0,0,0,5,0,9,0,1,0,8,4,3,3,1,0,24,9,2,0,2,0
20160413,0,SDN,NL,9,1,33,6,1,0,0,1,1,0,0,2,0,13,1,0,0,8,2,1,1,0,0,24,13,3,0,3,0
20160414,0,SDN,NL,10,0,30,3,0,0,0,0,0,0,0,0,0,16,0,0,0,3,3,3,3,1,0,24,8,1,0,1,0
20160425,0,SDN,NL,20,4,37,11,4,0,0,4,1,0,0,2,0,14,2,0,0,9,4,4,4,2,0,24,5,0,2,0,0
20160426,0,SDN,NL,21,0,31,7,2,0,0,0,0,0,0,1,0,11,0,2,1,5,2,1,1,0,0,24,6,0,0,0,0
20160427,0,SDN,NL,22,9,35,9,1,1,3,9,0,0,0,3,0,12,0,0,1,2,5,10,10,0,0,24,11,1,0,1,0
20160429,0,SDN,NL,23,5,34,9,2,0,1,5,1,0,0,2,0,12,0,1,1,5,6,1,1,0,0,27,9,0,0,0,0
20160430,0,SDN,NL,24,5,36,9,5,0,0,5,0,0,0,5,0,12,2,0,0,9,4,2,2,0,0,27,11,0,0,1,0
20160501,0,SDN,NL,25,0,29,3,0,0,0,0,0,0,0,0,0,14,0,0,0,2,3,1,1,0,0,24,9,1,0,1,0
20160510,0,SDN,NL,33,7,36,8,2,0,2,7,0,0,1,3,0,10,0,0,0,6,3,8,8,0,0,24,12,0,0,1,0
20160511,1,SDN,NL,34,7,35,10,0,0,1,5,1,1,1,6,1,10,1,0,1,10,5,4,4,0,0,27,8,2,0,0,0
20160511,2,SDN,NL,35,1,29,3,0,0,1,1,1,0,0,0,0,8,0,0,0,2,4,0,0,0,0,27,7,1,0,1,0
20160512,0,SDN,NL,36,3,31,7,2,0,1,3,1,1,1,1,0,7,1,0,0,5,3,0,0,0,0,27,13,0,0,3,0
20160513,0,SDN,NL,37,0,29,3,1,0,0,0,0,0,0,2,0,8,1,1,2,4,2,1,1,0,0,24,13,0,1,2,0
20160514,0,SDN,NL,38,8,46,13,4,0,4,8,0,0,0,5,0,7,3,1,2,7,8,6,6,0,0,36,10,4,0,2,0
20160515,0,SDN,NL,39,2,33,7,1,1,1,2,0,1,0,0,0,7,0,0,0,5,4,3,3,1,0,24,7,0,0,0,0
20160523,0,SDN,NL,46,0,29,2,0,0,0,0,0,0,1,0,0,6,0,0,0,3,3,1,1,0,0,26,14,1,0,0,0
20160524,0,SDN,NL,47,2,32,9,2,0,1,2,1,0,0,3,0,7,0,0,0,8,2,8,8,0,0,24,15,1,0,1,0
20160525,0,SDN,NL,48,3,35,9,2,0,1,3,1,0,0,3,0,8,0,0,2,6,5,4,4,2,0,29,10,1,0,1,0
20160527,0,SDN,NL,49,10,43,18,3,0,4,10,0,0,0,5,0,11,0,0,1,11,3,3,3,0,0,27,8,1,0,0,0
20160528,0,SDN,NL,50,7,34,10,4,0,1,6,0,1,0,1,0,4,0,0,2,2,5,8,8,1,0,24,12,1,0,1,0
20160529,0,SDN,NL,51,3,32,5,2,0,1,3,0,0,1,1,0,11,0,0,0,4,3,6,6,2,0,24,7,0,0,1,0
20160530,0,SDN,NL,52,3,35,9,3,0,0,3,0,0,0,2,0,10,2,1,1,7,4,8,8,0,0,24,10,1,0,1,0
20160531,0,SDN,NL,53,4,33,7,0,0,3,4,0,0,0,0,0,6,0,0,1,2,5,16,16,0,0,24,11,0,0,1,0
20160610,0,SDN,NL,62,7,35,9,1,0,2,7,1,1,0,2,1,12,2,0,0,5,5,4,4,0,0,27,10,2,0,1,0
20160611,0,SDN,NL,63,3,28,7,2,0,0,3,1,0,1,3,0,4,0,2,2,3,3,5,5,0,0,24,7,0,0,1,0
20160612,0,SDN,NL,64,1,34,8,1,0,0,1,0,0,0,2,0,8,1,0,1,8,3,1,1,0,0,24,7,1,0,0,0
20160621,0,SDN,NL,72,10,41,15,3,0,1,8,1,0,2,5,0,7,2,0,1,12,5,7,7,2,0,27,7,1,0,0,0
20160622,0,SDN,NL,73,2,32,5,0,0,0,2,0,0,0,5,0,11,2,0,0,8,4,6,6,0,0,24,10,1,0,2,0
20160623,0,SDN,NL,74,7,33,8,1,0,2,7,1,0,0,5,0,7,2,1,0,5,5,4,4,0,0,27,10,2,0,0,0
20160624,0,SDN,NL,75,13,41,15,2,0,4,12,0,0,0,4,0,12,2,0,0,5,5,3,3,0,0,27,8,1,0,1,0
20160625,0,SDN,NL,76,3,32,5,1,0,1,3,0,0,0,6,1,10,3,0,0,8,3,0,0,0,0,27,8,0,0,0,0
20160626,0,SDN,NL,77,0,29,5,0,0,0,0,0,0,1,0,0,6,0,2,0,3,3,3,3,0,0,24,11,0,0,1,0
20160704,0,SDN,NL,83,8,35,9,4,0,2,8,0,0,1,4,1,11,1,0,1,5,5,2,2,0,0,27,12,1,1,0,0
20160705,0,SDN,NL,84,5,35,12,2,1,1,5,1,0,0,3,0,8,0,0,3,7,3,7,7,0,0,24,10,0,0,0,0
20160706,0,SDN,NL,85,13,41,14,3,0,3,13,0,0,0,3,0,12,2,0,0,4,5,6,6,0,0,27,8,0,0,0,0
20160707,0,SDN,NL,86,6,37,10,4,1,1,6,0,0,0,3,1,7,0,0,0,7,3,0,0,1,0,27,6,0,0,0,0
20160708,0,SDN,NL,87,6,39,14,1,0,2,6,0,1,0,3,0,7,2,1,1,10,5,9,9,0,0,24,11,2,0,2,0
20160709,0,SDN,NL,88,3,30,3,1,0,1,3,0,0,0,3,0,14,1,0,0,3,3,2,2,1,0,24,12,2,0,2,0
20160710,0,SDN,NL,89,1,30,3,0,0,1,1,0,0,0,1,0,16,0,0,0,3,4,3,3,0,0,24,6,0,0,1,0
20160718,0,SDN,NL,93,2,34,7,3,0,1,2,0,0,0,1,0,15,1,0,0,6,4,9,9,1,0,24,5,1,0,1,0
20160720,2,SDN,NL,95,2,34,7,1,0,2,2,0,0,0,2,0,7,1,0,0,7,3,3,3,0,0,24,6,0,0,0,0
20160720,1,SDN,NL,94,2,30,4,1,0,1,2,0,0,1,1,0,8,0,0,1,3,2,4,4,0,0,24,9,0,0,2,0
20160721,0,SDN,NL,96,5,35,10,4,0,1,5,1,0,0,2,0,12,1,0,1,6,5,6,6,0,0,25,8,0,0,0,0
20160722,0,SDN,NL,97,5,31,6,0,0,2,5,1,0,3,2,0,8,0,0,1,5,3,3,3,0,0,27,13,1,0,0,0
20160723,0,SDN,NL,98,2,33,6,2,1,1,2,0,0,0,1,1,13,0,0,0,5,4,3,3,0,0,25,10,1,0,0,0
20160724,0,SDN,NL,99,10,38,12,2,0,2,9,0,0,1,5,0,8,0,1,0,7,5,6,6,1,0,27,8,1,0,1,0
20160725,0,SDN,NL,100,2,31,5,2,0,1,2,0,0,1,2,0,8,0,0,1,5,3,4,4,0,0,24,12,0,0,2,0
20160726,0,SDN,NL,101,6,46,10,3,0,2,6,0,0,2,1,0,12,2,0,0,7,7,7,7,3,0,35,16,1,0,4,0
20160727,0,SDN,NL,102,8,31,6,2,0,3,7,0,0,1,7,0,9,1,0,1,4,4,4,4,1,0,27,10,0,0,1,0
20160809,0,SDN,NL,112,4,30,7,1,0,2,4,0,0,1,5,0,7,0,0,4,5,3,5,5,1,0,24,14,2,0,1,0
20160810,0,SDN,NL,113,4,33,6,3,0,0,1,0,0,0,2,0,9,1,0,1,4,3,0,0,1,0,27,11,0,0,2,0
20160811,0,SDN,NL,114,0,29,4,0,0,0,0,1,0,0,3,0,5,0,0,1,6,3,4,4,1,0,24,13,0,0,0,0
20160812,0,SDN,NL,115,8,32,6,1,0,4,8,0,0,0,3,0,12,0,1,0,0,5,6,6,1,0,27,11,0,0,0,0
20160813,0,SDN,NL,116,2,35,5,0,0,2,2,0,0,0,1,0,13,0,1,2,1,6,3,3,1,0,31,16,3,0,2,0
20160814,0,SDN,NL,117,1,30,4,0,0,0,1,0,0,0,2,0,10,0,1,0,4,4,5,5,1,0,24,13,2,0,2,0
20160815,0,SDN,NL,118,2,29,3,0,0,2,2,0,0,0,4,0,5,2,0,0,4,3,8,8,1,0,24,11,0,0,1,0
20160816,0,SDN,NL,119,1,34,7,0,0,0,1,0,0,0,4,0,15,0,0,0,10,2,15,15,1,0,24,5,0,0,0,0
20160817,0,SDN,NL,120,0,32,5,0,0,0,0,0,0,1,1,0,10,0,0,1,7,3,2,2,0,0,24,7,0,0,0,0
20160826,0,SDN,NL,128,6,33,6,2,0,2,5,0,0,1,6,1,13,0,1,0,7,5,6,6,1,0,26,11,2,0,1,0
20160827,0,SDN,NL,129,1,33,7,0,0,1,1,0,0,0,3,0,12,1,1,1,8,4,0,0,0,0,27,13,0,0,2,0
20160828,0,SDN,NL,130,3,33,8,2,1,0,3,1,0,1,1,1,3,1,0,1,6,1,1,1,1,0,27,17,0,0,6,0
20160830,0,SDN,NL,131,3,34,7,1,2,1,3,0,0,0,0,0,12,1,0,0,4,5,7,7,0,0,24,13,0,1,3,0
20160831,0,SDN,NL,132,1,32,5,1,0,1,1,0,0,0,3,0,14,1,0,0,7,5,7,7,0,1,24,9,1,0,3,0
20160901,0,SDN,NL,133,6,34,8,1,2,2,6,0,1,0,0,0,4,0,0,0,2,5,9,9,1,0,24,8,0,0,0,0
20160902,0,SDN,NL,134,4,32,6,1,0,1,4,0,0,3,4,1,12,2,0,0,8,5,2,2,0,0,27,12,1,0,1,0
20160903,0,SDN,NL,135,1,31,4,1,0,0,1,0,0,0,3,0,13,1,0,0,6,3,5,5,0,0,24,15,0,0,3,0
20160904,0,SDN,NL,136,4,30,7,0,0,1,3,1,1,1,1,0,12,0,0,1,3,5,7,7,2,0,24,9,0,0,0,0
20160912,0,SDN,NL,144,4,34,9,0,1,1,4,0,0,0,2,0,8,1,2,0,5,6,0,0,2,0,27,10,0,0,0,0
20160913,0,SDN,NL,145,6,37,12,0,0,1,6,1,0,1,3,1,5,0,0,1,9,4,4,4,0,0,27,11,0,1,2,0
20160914,0,SDN,NL,146,3,35,8,2,0,0,3,0,0,0,4,0,7,1,0,0,9,4,1,1,0,0,27,10,0,0,1,0
20160916,0,SDN,NL,147,7,34,10,2,0,2,7,1,0,2,2,0,8,1,1,0,5,5,8,8,0,0,26,9,1,0,0,0
20160917,0,SDN,NL,148,0,31,4,0,0,0,0,0,0,0,0,0,16,0,0,0,4,4,8,8,0,0,24,9,0,0,1,0
20160918,0,SDN,NL,149,3,32,6,1,0,1,3,0,0,2,1,0,10,0,1,1,5,5,6,6,0,0,24,9,0,0,0,0
20160930,0,SDN,NL,160,3,36,9,2,0,1,3,0,0,1,2,0,7,0,0,0,9,4,5,5,1,0,24,6,0,0,1,0
20161001,0,SDN,NL,161,5,38,11,3,1,0,5,0,0,0,1,0,12,0,0,0,7,4,6,6,1,0,24,16,3,1,3,0
20161002,0,SDN,NL,162,2,33,7,4,0,0,2,1,0,0,0,0,9,0,0,0,5,3,3,3,0,0,26,8,0,0,1,0
20170403,0,SDN,NL,1,3,33,5,1,0,1,3,0,0,0,0,0,9,0,0,0,3,5,14,14,3,0,24,8,0,0,0,0
20170404,0,SDN,NL,2,4,33,11,2,0,1,4,1,1,0,2,0,9,1,0,2,6,2,0,0,0,0,27,14,0,0,4,0
20170405,0,SDN,NL,3,1,27,3,1,0,1,1,1,0,0,4,0,7,0,1,1,4,4,2,2,0,0,24,8,1,0,1,0
20170406,0,SDN,NL,4,2,33,6,2,0,1,2,0,0,0,2,0,8,1,0,0,6,6,9,9,0,0,24,11,0,1,0,0
20170410,0,SDN,NL,8,5,32,9,1,1,2,5,0,1,0,3,0,10,0,1,2,4,6,3,3,0,0,27,9,0,0,3,0
20170411,0,SDN,NL,9,2,31,5,0,1,1,2,0,1,0,2,0,10,0,0,0,5,3,3,3,0,0,24,6,2,0,0,0
20170412,0,SDN,NL,10,6,32,8,2,0,1,6,0,1,1,4,1,6,0,0,3,5,5,0,0,0,0,27,6,0,0,1,0
20170414,0,SDN,NL,11,2,30,6,0,0,0,2,0,0,2,4,0,8,1,1,2,7,3,4,4,0,0,24,8,1,0,2,0
20170415,0,SDN,NL,12,2,34,8,2,0,2,2,0,0,1,1,0,10,0,0,1,7,3,4,4,0,1,24,20,1,0,1,0
20170416,0,SDN,NL,13,2,29,3,0,0,1,1,0,0,0,3,0,8,0,0,1,3,4,9,9,4,1,24,8,0,0,2,0
20170417,0,SDN,NL,14,4,34,8,1,0,2,4,0,0,0,5,0,9,1,0,1,8,5,4,4,0,0,26,15,1,0,1,0
20170424,0,SDN,NL,21,6,37,10,0,0,2,6,0,1,0,1,0,16,1,0,0,6,3,7,7,0,0,24,10,1,0,0,0
20170425,0,SDN,NL,22,3,37,10,2,0,1,3,0,0,0,2,0,12,0,0,0,9,4,9,9,2,0,24,10,1,0,0,0
20170426,0,SDN,NL,23,8,37,12,3,0,3,8,1,0,0,3,0,12,3,0,2,6,4,5,5,1,0,27,10,0,0,1,0
20170427,0,SDN,NL,24,2,30,4,2,0,1,2,0,0,1,0,0,11,1,0,1,2,3,6,6,2,0,24,13,0,0,0,0
20170428,0,SDN,NL,25,3,30,5,1,0,1,3,0,0,2,1,0,6,1,0,1,3,3,2,2,1,0,24,9,1,0,0,0
20170429,0,SDN,NL,26,12,41,14,1,0,2,12,0,0,0,4,0,15,2,1,0,6,4,4,4,0,0,27,7,0,0,0,0
20170430,0,SDN,NL,27,5,48,10,1,0,2,5,0,0,0,2,0,8,1,0,1,9,5,2,2,0,0,36,13,0,0,1,0
20170510,0,SDN,NL,35,3,37,10,2,0,2,3,0,0,0,1,0,8,1,0,0,8,4,3,3,1,1,24,17,1,0,3,0
20170511,0,SDN,NL,36,2,32,9,0,0,0,2,1,1,0,2,1,3,0,1,1,7,3,5,5,1,0,25,9,0,0,1,0
20170512,0,SDN,NL,37,6,36,10,2,0,3,6,1,0,0,4,0,7,0,0,1,8,5,3,3,1,0,27,11,0,0,0,0
20170513,0,SDN,NL,38,4,32,6,0,0,3,4,0,1,0,4,0,17,1,0,0,6,4,4,4,4,0,25,11,1,0,1,0
20170514,0,SDN,NL,39,3,30,5,0,0,1,3,0,0,0,5,0,7,1,1,1,5,5,7,3,0,0,24,10,2,0,2,0
20170523,0,SDN,NL,47,3,33,7,2,0,1,3,0,0,0,4,0,13,0,0,0,7,5,9,9,0,0,24,5,0,0,0,0
20170524,0,SDN,NL,48,6,36,11,3,0,1,6,1,0,0,3,0,5,1,1,0,7,6,5,5,0,2,27,3,1,0,1,0
20170525,0,SDN,NL,49,4,35,9,4,0,0,4,1,0,0,6,0,11,0,0,0,11,6,3,3,0,0,27,10,1,0,2,0
20170526,0,SDN,NL,50,1,29,3,0,0,1,1,0,0,1,2,0,14,0,0,1,4,3,5,5,0,0,24,8,0,0,0,0
20170527,0,SDN,NL,51,0,32,3,0,0,0,0,0,0,0,1,0,17,1,0,0,6,2,3,3,0,0,24,13,1,0,1,0
20170528,0,SDN,NL,52,5,40,14,2,0,1,5,0,0,0,2,0,7,3,0,0,10,5,3,3,0,1,27,9,0,0,0,0
20170606,0,SDN,NL,59,2,32,5,2,0,2,2,0,0,0,3,0,13,0,0,0,6,5,7,7,1,0,24,4,1,0,0,0
20170607,0,SDN,NL,60,4,38,11,1,1,1,4,0,0,0,2,0,12,1,0,0,9,5,7,7,4,0,24,10,1,0,1,0
20170608,0,SDN,NL,61,3,36,9,2,0,0,3,0,0,0,3,0,12,1,0,0,9,5,15,15,0,0,24,8,1,0,1,0
20170616,0,SDN,NL,68,5,34,4,0,0,3,5,1,0,1,5,0,8,1,0,0,6,6,6,6,0,0,27,8,0,0,1,0
20170617,0,SDN,NL,69,7,42,9,2,0,5,7,0,0,1,3,0,11,1,0,0,6,6,5,5,1,0,33,4,1,0,1,0
20170618,0,SDN,NL,70,1,31,6,0,0,0,1,0,0,1,2,0,10,0,0,2,6,2,2,2,0,0,24,14,1,0,3,0
20170619,0,SDN,NL,71,2,33,7,1,0,2,2,1,0,2,4,0,9,0,1,0,11,4,2,2,0,0,24,15,1,0,4,0
20170620,0,SDN,NL,72,0,31,5,1,0,0,0,0,0,0,4,0,9,0,0,1,8,4,4,4,1,0,24,15,1,0,3,0
20170621,0,SDN,NL,73,3,34,8,1,0,1,3,0,0,0,5,1,12,2,0,1,9,6,2,2,0,0,27,9,0,0,1,0
20170704,0,SDN,NL,83,1,30,5,1,0,0,1,1,0,0,1,0,13,1,0,0,4,6,0,0,2,0,27,10,1,0,1,0
20170705,0,SDN,NL,84,6,38,13,2,1,1,5,1,0,1,2,0,12,0,0,1,9,5,1,1,0,0,27,15,1,0,2,0
20170706,0,SDN,NL,85,2,31,5,2,0,0,2,0,1,0,0,0,8,0,0,0,3,4,10,10,0,0,24,8,3,0,0,0
20170707,0,SDN,NL,86,4,34,8,1,0,3,4,0,1,1,0,0,12,1,0,0,5,4,3,3,0,0,27,9,0,0,0,0
20170708,0,SDN,NL,87,2,32,5,2,1,0,2,0,0,0,2,0,10,2,0,0,5,4,1,1,0,0,27,11,0,0,2,0
20170709,0,SDN,NL,88,1,35,9,1,0,0,1,0,1,1,2,0,13,0,0,0,11,4,7,7,1,0,24,8,1,0,2,0
20170717,0,SDN,NL,92,6,38,13,3,0,2,6,0,1,0,3,0,11,0,0,1,9,5,7,7,0,0,24,11,1,0,4,0
20170718,0,SDN,NL,93,7,35,9,2,0,2,6,0,1,0,4,1,6,0,0,1,6,4,8,7,2,0,24,7,1,0,0,0
20170719,0,SDN,NL,94,4,33,10,1,0,1,4,0,0,0,4,0,7,0,0,3,6,4,17,17,0,0,24,11,0,1,0,0
20170720,0,SDN,NL,95,5,34,9,2,0,2,5,0,0,0,2,0,7,0,1,0,4,4,2,2,0,1,27,13,0,0,0,0
20170721,0,SDN,NL,96,12,50,20,3,3,2,12,1,0,0,6,0,8,0,0,1,12,7,8,8,2,0,33,11,2,0,1,0
20170722,0,SDN,NL,97,4,43,8,1,1,1,4,0,0,2,1,0,13,0,1,0,6,6,2,2,1,0,35,14,2,0,0,0
20170723,0,SDN,NL,98,5,36,9,3,0,1,5,0,0,0,4,1,10,0,0,1,8,4,2,2,2,0,27,9,1,0,0,0
20170804,0,SDN,NL,108,6,36,9,1,0,3,5,0,0,1,5,0,9,0,0,1,9,6,10,10,0,0,24,6,2,0,0,0
20170805,0,SDN,NL,109,5,36,10,2,0,2,5,0,0,1,4,0,7,1,0,1,9,6,2,2,0,0,27,14,0,0,2,0
20170806,0,SDN,NL,110,4,44,9,1,0,0,3,1,0,0,5,0,14,1,0,1,10,5,1,1,0,0,33,17,1,0,1,0
20170807,0,SDN,NL,111,3,34,8,3,0,2,3,1,0,0,1,0,11,1,0,0,6,4,11,11,1,0,24,10,0,0,1,0
20170808,0,SDN,NL,112,7,33,11,3,0,2,6,2,2,1,3,0,7,0,0,0,7,3,3,3,0,0,27,10,0,0,4,0
20170809,0,SDN,NL,113,3,34,7,1,0,2,3,0,0,0,0,0,8,0,0,0,4,3,7,7,0,0,24,4,1,0,0,0
20170810,0,SDN,NL,114,3,33,8,1,0,1,3,1,0,0,4,0,6,0,0,0,8,5,10,10,2,0,24,7,0,0,1,0
20170811,0,SDN,NL,115,4,33,7,0,0,3,4,0,0,0,3,0,12,0,0,0,5,3,3,3,2,0,27,10,0,0,1,0
20170812,0,SDN,NL,116,3,37,10,2,1,1,3,0,0,0,3,0,10,1,0,0,10,5,6,6,0,0,24,5,0,0,0,0
20170813,0,SDN,NL,117,4,32,5,1,0,2,4,0,1,0,1,0,12,0,0,0,3,2,6,6,0,0,24,11,1,0,0,0
20170822,0,SDN,NL,125,12,37,11,2,0,2,12,1,0,3,4,1,8,0,0,0,6,5,4,4,0,0,27,13,0,0,1,0
20170823,0,SDN,NL,126,2,33,6,1,1,1,2,0,0,1,1,0,12,0,0,0,6,3,5,5,1,0,24,9,1,0,1,0
20170824,0,SDN,NL,127,4,35,10,2,0,0,3,0,1,1,5,1,9,1,0,1,11,4,3,3,0,0,27,16,0,0,4,0
20170825,0,SDN,NL,128,6,35,9,2,0,2,6,0,1,0,1,0,9,0,0,0,4,4,6,6,0,0,24,11,2,0,1,0
20170826,0,SDN,NL,129,1,39,6,1,0,0,0,1,0,0,2,0,8,3,0,0,8,5,2,2,0,0,32,11,1,0,1,0
20170827,0,SDN,NL,130,2,31,7,1,0,1,2,2,0,0,3,0,8,0,0,0,7,2,6,6,1,0,24,13,1,0,0,0
20170908,0,SDN,NL,142,10,37,14,4,2,0,10,1,0,1,5,1,7,0,0,1,7,7,6,6,0,0,27,5,1,0,0,0
20170909,0,SDN,NL,143,8,39,12,3,0,2,7,0,0,0,1,0,12,0,0,0,5,4,7,7,1,0,27,11,0,0,1,0
20170910,0,SDN,NL,144,2,32,6,3,0,0,2,0,1,0,2,0,16,1,0,0,6,3,3,3,0,0,24,14,1,0,1,0
20170912,0,SDN,NL,145,0,31,4,0,0,0,0,0,0,0,2,0,8,0,0,1,6,4,16,16,0,0,24,9,0,0,0,0
20170913,0,SDN,NL,146,1,36,7,2,0,1,1,0,0,0,3,0,8,1,1,0,8,6,3,3,1,0,29,10,1,0,2,0
20170915,0,SDN,NL,147,1,34,7,1,0,1,1,0,0,0,2,0,6,0,0,2,8,4,6,6,0,0,24,12,0,0,2,0
20170916,0,SDN,NL,148,0,29,3,0,0,0,0,0,0,0,3,0,8,0,0,0,5,5,16,16,0,0,24,12,0,1,3,0
20170917,0,SDN,NL,149,4,34,8,2,0,1,3,0,0,1,3,0,13,1,0,2,7,6,3,3,1,0,27,12,1,0,0,0
20170925,0,SDN,NL,157,3,33,6,2,0,0,2,0,0,2,0,0,13,0,0,0,5,3,9,9,0,0,24,9,0,1,2,0
20170926,0,SDN,NL,158,2,36,9,1,0,2,2,0,0,0,1,1,4,0,0,0,8,4,9,9,0,0,24,3,0,0,0,0
20170927,0,SDN,NL,159,0,30,3,1,0,0,0,1,0,0,3,0,14,0,0,0,7,4,8,8,0,0,24,8,2,0,2,0
20170929,0,SDN,NL,160,0,33,8,2,0,0,0,0,0,0,2,0,9,0,0,1,8,5,8,8,0,0,24,7,0,0,1,0
20170930,0,SDN,NL,161,3,34,8,1,0,1,3,1,0,0,1,0,11,0,0,0,6,4,2,2,0,0,27,11,0,0,0,0
20171001,0,SDN,NL,162,4,37,12,2,1,1,4,0,0,0,2,0,5,1,0,2,8,3,5,5,1,0,25,13,1,0,2,0
20180406,0,SDN,NL,8,4,38,13,5,0,0,3,0,0,1,3,0,11,0,1,0,11,4,1,1,0,0,27,4,0,0,0,0
20180407,0,SDN,NL,9,0,35,6,3,0,0,0,1,0,0,1,0,14,0,0,0,7,6,1,1,0,0,29,12,1,0,3,0
20180408,0,SDN,NL,10,1,31,4,0,0,0,1,0,0,1,4,0,9,1,0,1,8,2,4,4,1,0,24,10,0,0,0,0
20180409,0,SDN,NL,11,7,38,13,2,1,2,7,1,0,0,1,1,10,1,0,1,6,4,6,6,0,0,27,15,1,0,1,0
20180410,0,SDN,NL,12,5,35,10,2,0,2,5,0,0,1,3,0,10,0,0,1,7,5,0,0,0,0,27,9,1,0,3,0
20180411,0,SDN,NL,13,4,33,6,1,0,2,3,0,0,1,1,0,13,0,0,0,4,4,3,3,0,0,24,9,2,0,1,0
20180420,0,SDN,NL,21,4,33,5,0,0,1,2,1,0,0,2,0,6,0,0,1,5,2,1,1,1,0,27,5,0,0,0,0
20180421,0,SDN,NL,22,2,33,9,1,0,0,2,0,0,0,1,0,10,1,2,1,5,4,6,6,0,0,24,9,0,0,0,0
20180422,0,SDN,NL,23,2,31,3,1,0,1,2,0,0,0,1,0,15,0,0,0,3,3,4,4,0,0,24,7,1,0,0,0
20180423,0,SDN,NL,24,13,43,16,3,0,2,12,0,0,0,6,0,9,2,0,0,9,4,5,5,0,0,27,15,1,0,1,0
20180424,0,SDN,NL,25,0,30,4,1,0,0,0,0,0,0,2,0,12,0,0,1,5,4,7,7,0,0,24,7,1,0,1,0
20180425,0,SDN,NL,26,2,28,4,1,0,0,2,0,1,0,4,0,16,0,2,0,4,5,4,4,0,0,24,6,1,0,1,0
20180430,0,SDN,NL,30,5,36,10,2,0,0,4,0,1,0,5,0,6,2,0,1,10,5,6,6,0,0,26,7,1,0,0,0
20180501,0,SDN,NL,31,3,29,5,0,1,2,3,0,0,0,1,0,6,0,0,3,0,4,2,2,2,0,27,8,0,0,0,0
20180502,0,SDN,NL,32,4,34,8,1,0,1,4,1,0,0,4,0,9,0,0,0,8,4,8,8,1,0,24,6,1,1,0,0
20180517,0,SDN,NL,45,4,34,9,4,0,0,4,1,0,0,2,0,12,0,1,0,6,5,4,4,1,0,24,6,1,0,0,0
20180518,0,SDN,NL,46,3,32,6,2,0,0,3,0,0,0,2,1,8,2,0,2,4,4,2,2,1,0,27,10,0,0,1,0
20180519,0,SDN,NL,47,6,36,10,4,0,2,6,0,1,0,1,0,7,3,0,0,5,3,2,2,0,0,27,13,0,0,2,0
20180520,0,SDN,NL,48,8,37,9,1,0,1,7,1,0,0,0,0,7,2,0,0,3,4,5,5,0,0,27,4,0,0,0,0
20180521,0,SDN,NL,49,2,31,4,0,0,1,2,0,0,0,3,0,8,0,0,0,5,3,10,10,0,0,24,9,1,0,1,0
20180522,0,SDN,NL,50,1,31,7,1,0,1,1,0,0,0,1,0,10,0,1,1,4,4,2,2,0,0,25,8,1,0,1,0
20180523,0,SDN,NL,51,3,33,8,3,0,0,3,0,0,0,2,1,9,1,2,0,5,3,1,1,0,0,27,8,0,0,1,0
20180525,0,SDN,NL,52,1,32,6,2,0,0,1,0,0,0,0,0,15,0,0,1,4,3,4,4,0,0,24,8,1,0,1,0
20180526,0,SDN,NL,53,7,34,10,1,0,4,7,1,0,1,4,1,9,1,0,1,6,5,5,5,0,0,27,8,2,0,1,0
20180527,0,SDN,NL,54,1,32,6,3,0,0,1,0,1,0,0,0,10,0,0,0,5,4,6,6,0,0,24,6,0,0,2,0
20180608,0,SDN,NL,65,0,30,6,2,0,0,0,1,0,0,2,0,10,0,0,1,6,3,4,4,0,0,24,7,0,0,0,0
20180609,0,SDN,NL,66,5,37,12,2,0,1,4,0,0,0,4,2,8,2,1,0,9,4,3,3,1,0,27,7,2,0,1,0
20180610,0,SDN,NL,67,3,31,8,1,0,1,3,1,1,0,1,0,8,0,1,0,4,3,1,1,0,0,27,14,0,0,0,0
20180611,0,SDN,NL,68,2,31,4,1,0,1,2,0,0,1,3,0,10,0,0,0,6,2,5,5,0,0,24,9,1,0,1,0
20180612,0,SDN,NL,69,4,33,7,1,0,1,4,1,0,0,0,0,9,0,0,0,3,5,2,2,0,0,27,11,0,0,1,0
20180613,0,SDN,NL,70,4,35,10,2,1,0,4,1,0,0,1,0,9,1,0,1,6,4,2,2,1,0,27,10,0,0,1,0
20180614,0,SDN,NL,71,2,33,8,3,0,0,2,1,0,0,0,0,6,0,0,1,5,3,3,3,1,0,24,9,1,0,0,0
20180615,0,SDN,NL,72,9,37,14,2,0,2,9,0,0,0,5,0,5,0,0,2,6,3,2,2,0,0,27,9,1,0,0,0
20180616,0,SDN,NL,73,0,31,4,2,0,0,0,0,0,1,1,0,13,0,0,0,6,2,1,1,0,0,24,7,0,0,0,0
20180617,0,SDN,NL,74,1,31,6,0,0,0,1,0,1,1,3,0,17,2,1,0,8,5,4,4,1,0,24,5,1,0,1,0
20180621,0,SDN,NL,77,0,31,4,2,0,0,0,0,0,0,2,1,9,0,0,0,6,3,2,2,0,0,24,10,1,0,1,0
20180622,0,SDN,NL,78,6,36,12,3,0,0,5,1,0,0,3,1,5,0,0,0,7,6,2,2,2,0,27,12,0,0,0,0
20180623,0,SDN,NL,79,3,33,11,2,0,1,2,0,0,0,3,0,6,0,1,4,6,6,5,5,0,0,24,6,0,0,0,0
20180624,0,SDN,NL,80,2,38,6,0,0,1,2,0,0,0,3,0,10,0,0,1,6,5,3,3,0,0,31,13,0,0,1,0
20180625,0,SDN,NL,81,4,36,11,1,0,2,4,0,0,0,1,0,8,1,0,1,6,5,6,5,1,0,24,6,1,0,0,0
20180626,0,SDN,NL,82,3,31,7,2,0,0,3,0,1,0,5,0,11,0,0,2,7,4,2,2,0,0,27,5,0,0,0,0
20180627,0,SDN,NL,83,2,31,4,2,0,0,2,0,0,0,2,0,9,0,0,0,4,3,5,5,0,0,24,9,0,0,0,0
20180703,0,SDN,NL,87,2,34,9,1,0,0,2,0,0,0,4,0,9,1,1,0,9,3,6,6,0,0,24,13,0,0,5,0
20180704,0,SDN,NL,88,2,32,7,1,0,1,2,0,0,0,4,1,3,0,0,2,7,4,4,4,1,0,24,14,0,0,2,0
20180705,0,SDN,NL,89,6,33,8,1,2,1,5,0,0,0,3,0,10,1,1,2,3,4,3,3,0,0,27,6,0,0,1,0
20180706,0,SDN,NL,90,1,31,5,1,0,0,1,0,0,1,1,0,8,1,0,1,5,4,3,3,0,0,24,7,0,0,0,0
20180707,0,SDN,NL,91,5,32,7,0,0,4,5,0,0,0,4,0,10,0,0,2,4,5,18,18,0,0,24,8,2,0,1,0
20180708,0,SDN,NL,92,4,59,13,2,0,1,4,0,0,0,8,1,20,3,0,2,15,9,3,3,2,0,48,22,0,0,3,0
20180720,0,SDN,NL,100,5,35,9,2,0,0,4,0,0,0,5,0,10,3,0,0,8,5,11,11,1,0,24,9,1,0,0,0
20180722,1,SDN,NL,101,10,41,15,4,0,1,9,0,1,0,1,0,13,0,0,0,6,4,2,2,0,0,27,10,1,0,0,0
20180722,2,SDN,NL,102,0,28,2,0,0,0,0,0,0,1,1,0,8,0,0,1,3,3,5,5,0,0,24,6,0,0,0,0
20180723,0,SDN,NL,103,3,32,5,2,1,0,2,0,0,0,2,1,11,2,1,1,4,4,2,2,0,0,27,5,1,0,0,0
20180724,0,SDN,NL,104,3,30,6,1,0,0,3,1,0,0,1,0,4,0,0,0,2,3,6,6,0,0,24,4,0,0,0,0
20180725,0,SDN,NL,105,4,32,7,0,0,2,3,0,0,1,3,0,8,0,1,1,5,4,6,6,1,0,24,10,0,1,0,0
20180802,0,SDN,NL,111,6,40,15,3,0,1,6,0,0,0,3,0,2,0,1,1,10,5,1,1,0,0,27,10,0,0,0,0
20180803,0,SDN,NL,112,4,35,8,1,0,1,3,1,0,0,2,0,8,0,0,0,7,3,5,5,0,0,24,13,0,0,1,0
20180804,0,SDN,NL,113,4,29,5,2,0,1,4,0,2,2,0,0,12,0,0,1,2,4,5,5,0,0,24,10,0,0,0,0
20180805,0,SDN,NL,114,10,39,15,3,1,3,10,0,1,0,5,1,7,1,1,1,8,4,5,5,0,0,27,9,2,0,0,0
20180807,0,SDN,NL,115,11,39,14,1,1,3,10,2,1,0,6,0,9,0,0,0,10,6,5,5,0,1,27,11,0,0,0,0
20180808,0,SDN,NL,116,4,36,9,2,0,1,4,0,0,0,2,0,9,0,0,0,7,3,8,8,1,0,24,6,0,0,0,0
20180809,0,SDN,NL,117,8,36,13,3,0,3,8,0,0,0,6,0,7,0,0,3,7,5,2,2,0,1,27,7,2,0,0,0
20180821,0,SDN,NL,128,4,37,11,2,0,2,4,1,1,0,1,0,13,0,0,0,9,5,3,3,0,0,27,9,2,0,2,0
20180822,0,SDN,NL,129,2,32,5,1,0,1,2,0,0,0,1,0,9,1,0,0,4,3,5,5,1,0,24,11,1,0,0,0
20180823,0,SDN,NL,130,3,35,9,0,0,1,3,0,0,0,3,0,9,0,0,2,8,5,4,4,0,0,26,8,0,0,1,0
20180824,0,SDN,NL,131,1,31,4,2,1,0,1,0,0,0,2,0,13,0,0,0,5,4,10,10,0,0,24,4,2,0,1,0
20180825,0,SDN,NL,132,4,45,11,1,0,2,4,1,0,0,0,0,15,0,1,0,6,6,5,5,0,0,34,10,1,0,0,0
20180826,0,SDN,NL,133,3,41,15,2,0,2,3,0,0,0,1,0,12,1,0,0,12,4,7,7,1,0,24,5,2,0,2,0
20180903,0,SDN,NL,140,6,33,7,0,0,2,6,0,0,0,5,0,9,0,0,1,5,5,2,2,1,0,27,10,0,0,1,0
20180904,0,SDN,NL,141,0,29,3,1,0,0,0,0,0,0,2,0,13,0,0,1,4,5,4,4,0,0,24,7,2,1,2,0
20180906,0,SDN,NL,142,6,35,9,1,0,3,6,1,1,0,1,0,11,1,0,0,5,6,2,2,0,0,27,5,0,0,0,0
20180907,0,SDN,NL,143,6,35,11,2,0,2,6,0,0,0,0,0,6,0,1,2,2,5,12,12,0,0,24,5,0,1,0,0
20180908,0,SDN,NL,144,2,24,5,0,1,1,2,0,0,0,3,0,10,0,0,0,6,3,7,7,0,0,18,5,0,0,1,0
20180909,0,SDN,NL,145,7,37,10,2,0,3,7,0,0,0,6,0,12,1,0,0,9,6,6,6,0,0,27,7,1,0,1,0
20180911,0,SDN,NL,146,2,35,8,3,0,0,2,0,0,0,0,0,8,1,0,0,6,4,1,1,0,0,27,13,0,0,1,0
20180912,0,SDN,NL,147,5,37,8,1,0,2,5,0,0,1,2,1,5,1,1,0,8,6,4,4,0,0,27,11,0,0,1,0
20180921,0,SDN,NL,154,5,36,8,1,0,2,5,0,0,0,5,1,9,2,1,0,9,6,3,3,1,0,27,6,0,0,0,0
20180922,0,SDN,NL,155,2,34,8,1,0,1,2,1,0,1,0,0,11,1,0,0,7,5,7,7,0,0,24,5,0,0,0,0
20180923,0,SDN,NL,156,0,32,5,1,0,0,0,0,0,0,0,0,13,0,0,0,5,6,14,14,1,0,24,6,0,0,0,0
20180924,0,SDN,NL,157,5,39,12,2,0,1,5,1,0,0,2,0,6,0,0,0,10,2,0,0,0,0,27,12,0,1,1,0
20180925,0,SDN,NL,158,4,46,12,4,0,0,3,0,0,0,6,1,11,1,0,2,12,7,4,4,0,0,33,9,3,0,0,0
20180926,0,SDN,NL,159,3,34,8,1,2,1,2,0,1,0,1,0,10,1,0,0,6,7,2,2,0,0,27,9,0,0,1,0
20190405,0,SDN,NL,8,5,35,9,1,0,2,5,0,1,0,6,0,10,0,0,0,10,5,3,3,0,0,27,10,0,0,0,0
20190406,0,SDN,NL,9,6,35,9,3,0,3,6,0,0,0,10,0,8,2,0,1,12,5,3,3,0,0,27,9,1,0,0,0
20190407,0,SDN,NL,10,1,32,6,4,0,0,1,0,0,0,2,0,12,0,0,0,6,4,3,3,1,0,24,7,1,0,0,0
20190408,0,SDN,NL,11,6,32,7,1,0,3,6,1,0,2,2,0,4,1,1,0,4,4,5,5,0,1,27,9,2,0,0,0
20190409,0,SDN,NL,12,2,31,7,1,0,1,2,0,0,0,2,0,10,0,1,1,4,3,7,7,0,0,24,10,0,0,0,0
20190410,0,SDN,NL,13,3,31,6,0,1,1,3,1,0,1,2,0,7,0,0,2,5,5,1,1,0,0,27,11,0,0,0,0
20190411,0,SDN,NL,14,7,31,8,1,0,3,7,1,1,1,3,0,14,0,0,2,3,6,4,2,0,0,27,9,1,0,0,0
20190412,0,SDN,NL,15,2,32,5,3,0,1,2,0,0,0,2,0,12,0,0,0,5,4,1,1,0,0,27,10,0,0,0,0
20190413,0,SDN,NL,16,5,35,10,3,0,2,5,0,0,0,1,0,10,0,1,0,4,7,4,4,1,0,27,8,0,0,1,0
20190414,0,SDN,NL,17,4,32,7,1,0,2,4,0,0,0,1,0,9,0,0,2,2,3,8,8,1,1,24,6,0,0,2,0
20190426,0,SDN,NL,26,4,32,6,1,0,2,3,0,0,0,1,0,12,0,0,0,2,4,3,3,0,0,27,7,1,0,1,0
20190427,0,SDN,NL,27,8,35,8,2,0,1,7,0,2,1,5,0,13,0,0,1,5,6,3,3,0,0,30,9,0,0,0,0
20190428,0,SDN,NL,28,6,43,11,1,0,2,6,0,0,0,3,0,13,2,0,2,7,6,6,6,0,0,30,6,3,0,1,0
20190429,0,SDN,NL,29,1,30,5,0,0,0,0,1,0,0,2,0,10,0,0,1,5,3,1,1,1,0,24,12,2,0,0,0
20190430,0,SDN,NL,30,4,31,6,1,0,3,4,0,0,0,1,0,9,0,0,2,1,4,3,3,0,1,27,4,0,0,0,0
20190501,0,SDN,NL,31,1,32,5,0,0,1,1,0,0,0,2,0,11,0,0,1,6,4,5,5,0,0,24,6,1,0,1,0
20190502,0,SDN,NL,32,11,43,17,3,1,2,10,1,1,1,2,0,10,0,0,0,10,3,2,2,1,0,27,5,0,0,1,0
20190510,0,SDN,NL,39,2,40,12,1,0,0,2,0,0,1,0,0,9,0,0,0,12,3,12,12,0,0,24,11,0,0,1,0
20190511,0,SDN,NL,40,4,34,9,1,0,2,4,1,0,0,3,0,12,1,1,1,7,5,3,3,1,0,27,7,0,0,0,0
20190512,0,SDN,NL,41,7,36,10,2,0,1,7,0,1,0,3,0,10,0,0,0,6,5,10,10,1,0,24,4,1,0,0,0
20190514,0,SDN,NL,42,3,31,7,2,0,2,3,0,0,0,1,0,7,0,0,3,2,3,3,3,0,0,24,5,1,0,0,0
20190515,0,SDN,NL,43,0,32,4,1,0,0,0,0,0,0,1,0,16,0,0,0,6,4,2,2,0,0,24,8,1,1,0,0
20190524,0,SDN,NL,51,6,34,7,2,0,3,6,0,0,0,4,0,12,0,1,0,5,4,3,3,0,0,27,4,0,0,0,0
20190525,0,SDN,NL,52,19,45,20,2,0,7,19,0,0,3,6,0,11,1,0,2,8,3,3,3,0,0,27,9,1,0,1,0
20190526,0,SDN,NL,53,1,35,10,1,0,1,1,0,0,0,1,0,7,1,0,0,8,4,10,10,1,0,24,8,0,0,1,0
20190527,0,SDN,NL,54,2,32,6,3,0,0,2,0,0,0,1,0,11,0,0,1,4,4,4,4,0,0,24,8,2,0,0,0
20190528,0,SDN,NL,55,5,35,10,1,0,1,5,0,0,2,5,0,11,0,0,3,10,7,4,4,0,0,27,8,0,0,1,0
20190529,0,SDN,NL,56,0,31,4,1,0,0,0,0,0,0,3,0,10,1,0,1,7,3,6,6,0,0,24,8,1,0,0,0
20190611,0,SDN,NL,67,5,34,7,0,0,2,5,0,0,0,3,0,12,1,0,0,5,5,6,6,0,0,24,5,1,0,1,0
20190612,0,SDN,NL,68,2,32,6,3,0,0,2,0,0,0,4,0,9,0,0,1,7,3,2,2,0,0,24,7,3,0,0,0
20190613,0,SDN,NL,69,6,40,13,3,1,2,6,0,0,0,0,0,12,0,0,0,7,5,9,9,0,0,24,7,1,0,0,0
20190614,0,SDN,NL,70,16,56,21,5,1,4,15,0,0,0,6,0,10,1,0,1,10,7,12,12,3,0,36,15,1,1,0,0
20190615,0,SDN,NL,71,8,39,13,3,0,0,6,0,0,0,5,0,11,0,0,1,9,4,14,14,0,0,24,8,0,0,2,0
20190616,0,SDN,NL,72,14,39,15,2,3,2,14,0,1,0,6,2,7,1,0,2,5,7,13,13,1,0,27,7,1,0,0,0
20190621,0,SDN,NL,76,1,34,7,3,0,1,1,0,0,0,2,0,9,0,0,0,8,2,1,1,0,0,24,10,2,0,1,0
20190622,0,SDN,NL,77,3,31,6,1,0,1,3,1,1,0,7,1,12,0,0,0,10,4,6,6,1,0,24,13,0,0,3,0
20190623,0,SDN,NL,78,10,46,13,5,0,0,10,0,0,0,8,1,13,3,1,0,11,6,9,9,1,0,32,9,1,0,0,0
20190625,0,SDN,NL,79,8,37,12,1,0,4,8,0,0,1,3,0,6,0,0,2,6,4,3,3,0,0,27,14,2,0,2,0
20190626,0,SDN,NL,80,10,37,11,0,0,5,10,0,0,2,3,0,10,3,0,0,5,4,5,5,0,0,27,4,1,0,0,0
20190704,0,SDN,NL,87,1,31,5,0,0,0,1,0,0,0,3,0,12,0,0,1,6,3,4,4,0,0,24,5,1,0,0,0
20190705,0,SDN,NL,88,3,32,6,1,0,1,3,1,0,1,1,0,12,0,0,0,6,3,1,1,1,0,27,8,2,0,2,0
20190706,0,SDN,NL,89,3,30,4,0,0,2,3,0,0,1,1,0,8,0,0,2,2,4,0,0,0,0,27,10,1,0,0,0
20190707,0,SDN,NL,90,5,34,8,1,0,3,5,0,0,0,0,0,11,0,0,1,2,4,3,3,0,0,27,10,0,0,1,0
20190716,0,SDN,NL,94,7,37,11,2,0,2,6,0,0,1,3,0,8,0,0,1,7,4,12,12,0,0,24,13,0,0,0,0
20190717,0,SDN,NL,95,3,32,9,2,0,1,3,1,0,0,5,0,9,0,0,2,8,3,1,1,0,0,27,5,3,0,1,0
20190718,0,SDN,NL,96,3,33,7,2,1,1,3,0,1,0,4,0,15,0,0,0,8,5,2,2,0,0,25,9,2,0,1,0
20190719,0,SDN,NL,97,5,39,13,2,0,2,5,0,1,0,3,0,11,0,0,0,11,3,5,5,0,0,24,6,2,0,1,0
20190720,0,SDN,NL,98,5,34,9,3,0,3,5,1,1,0,3,0,8,1,1,0,7,3,6,6,0,0,24,8,1,0,2,0
20190721,0,SDN,NL,99,5,31,6,1,0,1,5,1,0,1,5,0,6,0,0,1,6,3,1,1,0,0,27,6,0,0,1,0
20190723,0,SDN,NL,100,2,30,5,1,0,0,2,0,1,0,7,0,9,1,0,1,9,3,5,5,0,0,24,6,0,0,0,0
20190724,0,SDN,NL,101,7,35,14,4,0,0,7,0,2,0,6,1,9,2,1,2,9,5,2,2,1,0,27,8,0,0,1,0
20190725,0,SDN,NL,102,0,33,6,0,0,0,0,0,0,0,1,0,13,0,0,0,7,5,4,4,1,0,24,10,0,0,1,0
20190801,0,SDN,NL,108,2,31,8,1,0,1,2,2,0,0,7,0,6,0,0,0,11,3,8,8,0,0,24,9,0,0,1,0
20190802,0,SDN,NL,109,5,38,14,3,0,0,5,0,0,0,1,0,9,0,1,2,7,4,2,2,0,0,27,7,0,0,0,0
20190803,0,SDN,NL,110,1,31,5,0,0,1,1,0,0,0,0,0,15,0,0,2,3,3,2,2,0,0,24,9,1,0,1,0
20190804,0,SDN,NL,111,10,37,12,1,0,2,10,0,2,0,3,0,11,1,0,0,5,5,10,10,0,0,25,7,1,0,1,0
20190806,0,SDN,NL,112,9,35,9,1,0,3,9,1,0,1,2,0,9,1,0,0,3,3,4,4,0,0,27,5,1,0,1,0
20190807,0,SDN,NL,113,2,34,8,1,0,2,2,0,0,0,3,0,13,0,0,1,8,3,3,3,0,0,24,7,1,0,1,0
20190816,0,SDN,NL,121,4,32,7,2,1,0,3,1,0,0,2,0,6,0,0,0,4,4,7,7,0,0,24,4,2,0,0,0
20190817,0,SDN,NL,122,5,37,12,3,0,0,5,1,0,0,3,0,5,0,1,0,9,4,3,3,2,0,27,9,0,0,0,0
20190818,0,SDN,NL,123,3,34,9,1,0,2,3,0,0,0,2,0,8,1,1,0,6,5,2,2,1,0,27,6,0,0,0,0
20190819,0,SDN,NL,124,3,33,5,0,0,1,2,0,0,0,1,0,14,0,0,0,4,5,2,2,0,0,27,9,0,0,0,0
20190820,0,SDN,NL,125,2,30,4,0,0,1,1,0,0,0,5,0,12,0,0,1,6,2,3,3,0,0,24,2,2,0,0,0
20190821,0,SDN,NL,126,2,31,6,1,0,1,2,1,0,0,0,0,9,0,0,1,3,5,2,2,0,0,24,10,2,0,0,0
20190829,0,SDN,NL,133,5,33,8,2,1,2,5,0,0,1,0,0,6,0,1,1,2,3,3,3,1,0,27,5,0,0,1,0
20190830,0,SDN,NL,134,3,31,6,1,0,1,3,0,0,0,2,0,10,1,0,2,3,3,7,7,0,0,24,5,1,0,0,0
20190831,0,SDN,NL,135,4,37,11,1,1,1,4,0,0,0,2,0,10,0,1,0,8,3,1,1,0,0,27,7,0,0,2,0
20190901,0,SDN,NL,136,8,38,13,4,1,3,8,0,0,0,2,0,7,0,0,2,5,4,4,4,0,0,27,6,0,0,0,0
20190902,0,SDN,NL,137,7,37,12,1,0,1,7,0,0,0,6,0,3,0,0,1,9,4,14,14,1,0,24,6,2,0,0,0
20190903,0,SDN,NL,138,1,34,7,0,0,0,1,0,0,0,4,0,14,2,0,0,10,4,2,2,0,0,24,5,0,1,0,0
20190904,0,SDN,NL,139,1,29,3,0,0,1,1,0,0,1,2,0,8,0,1,1,4,3,4,4,0,0,24,9,0,0,0,0
20190913,0,SDN,NL,147,8,33,9,4,0,1,8,0,0,2,8,1,8,0,1,2,8,5,10,10,1,0,24,6,1,0,0,0
20190914,0,SDN,NL,148,10,35,10,4,1,1,10,0,0,1,7,0,4,0,1,1,6,5,9,6,3,0,24,5,2,0,0,0
20190915,0,SDN,NL,149,5,33,8,2,0,3,5,1,0,0,7,0,8,0,0,1,9,6,10,10,0,1,24,8,0,0,1,0
20190916,0,SDN,NL,150,1,29,2,1,0,0,1,0,0,0,3,0,11,0,0,0,4,4,5,5,1,0,24,9,1,0,1,0
20190917,0,SDN,NL,151,1,30,4,0,0,1,1,0,0,0,2,0,15,0,1,0,4,4,3,3,0,0,24,6,1,0,0,0
20190918,0,SDN,NL,152,2,32,8,1,0,1,2,1,0,0,1,0,10,0,1,1,5,4,1,1,1,0,27,4,1,0,0,0
20190919,0,SDN,NL,153,1,32,5,0,0,1,1,0,0,0,4,0,16,0,0,1,8,5,4,4,1,0,24,7,1,0,0,0
20190927,0,SDN,NL,160,3,33,7,1,0,1,3,0,1,0,2,0,10,0,0,0,6,4,5,5,0,0,24,10,1,0,0,0
20190928,0,SDN,NL,161,5,34,10,2,1,3,5,1,0,0,3,1,12,1,1,0,6,5,6,6,1,0,24,10,0,0,1,0
20190929,0,SDN,NL,162,0,33,8,2,0,0,0,0,0,1,0,0,7,0,1,1,7,6,1,1,0,0,26,14,1,0,1,0
20200728,0,SDN,NL,5,5,32,5,0,0,2,5,0,0,1,1,0,5,0,0,0,3,5,2,2,0,0,27,8,1,0,3,0
20200729,0,SDN,NL,6,6,32,9,0,0,2,6,0,0,1,7,0,6,1,0,2,7,5,7,7,0,0,24,7,0,0,0,0
20200730,0,SDN,NL,7,12,44,14,4,1,1,11,1,0,1,2,0,15,3,0,0,7,6,6,6,0,0,30,3,0,0,0,0
20200731,0,SDN,NL,8,8,38,10,1,1,2,7,0,0,0,3,1,7,3,0,0,6,5,7,7,1,0,27,5,0,0,0,0
20200801,0,SDN,NL,9,1,29,3,1,0,1,1,0,0,0,3,0,10,0,0,1,4,3,6,6,0,0,24,12,1,0,2,0
20200802,0,SDN,NL,10,6,37,10,3,3,0,6,0,0,0,2,0,8,0,0,0,6,4,9,9,1,0,24,8,0,0,0,0
20200810,0,SDN,NL,17,2,29,6,1,0,1,2,1,0,0,4,0,4,0,1,2,5,6,1,1,0,0,27,7,1,0,1,0
20200811,0,SDN,NL,18,6,34,10,1,0,2,5,2,0,0,2,0,4,1,0,2,5,5,2,2,1,0,27,10,1,1,2,0
20200812,0,SDN,NL,19,0,32,6,1,0,0,0,0,0,0,4,0,14,0,0,1,9,2,6,6,0,0,24,9,1,0,2,0
20200813,0,SDN,NL,20,2,33,6,1,0,2,2,0,0,0,1,0,6,0,0,0,5,4,11,11,0,0,24,8,1,0,0,0
20200814,0,SDN,NL,21,1,34,6,2,0,0,1,0,0,0,2,1,9,2,0,0,8,5,5,5,2,0,24,4,0,0,0,0
20200815,0,SDN,NL,22,6,36,10,3,0,2,6,0,0,1,5,0,9,0,0,0,9,5,7,7,0,0,24,10,1,0,0,0
20200816,0,SDN,NL,23,4,30,4,0,0,1,3,1,0,1,9,0,9,1,0,1,10,2,5,5,0,0,24,12,0,0,1,0
20200817,0,SDN,NL,24,14,36,11,2,0,3,13,1,0,0,6,0,4,0,0,1,2,4,3,3,0,0,27,9,1,0,0,0
20200818,0,SDN,NL,25,6,38,12,1,0,2,6,0,0,0,4,0,11,1,1,0,9,7,3,3,0,0,27,8,1,1,1,0
20200828,0,SDN,NL,34,10,42,19,6,0,0,10,0,2,2,1,0,5,0,1,0,10,5,0,0,0,0,27,11,1,0,0,0
20200829,0,SDN,NL,35,3,35,11,2,0,0,3,0,0,0,2,0,6,1,0,1,7,7,4,4,0,1,25,8,0,1,2,0
20200830,0,SDN,NL,36,13,41,17,2,1,5,13,0,1,1,2,0,7,1,0,1,5,4,0,0,0,0,27,6,1,0,0,0
20200831,0,SDN,NL,37,6,34,9,1,2,1,6,0,1,0,3,0,9,0,0,0,5,5,0,0,0,0,27,9,0,0,2,0
20200902,0,SDN,NL,38,11,34,9,1,0,2,11,0,1,2,7,0,6,2,0,1,6,4,4,4,0,0,27,11,0,0,2,0
20200903,0,SDN,NL,39,0,29,3,0,0,0,0,0,0,0,2,0,9,0,0,1,4,3,2,2,1,0,24,10,0,0,2,0
20200904,0,SDN,NL,40,7,40,11,3,0,3,7,0,0,1,0,0,8,0,0,0,7,3,0,0,0,0,27,7,0,0,1,0
20200905,0,SDN,NL,41,4,37,11,3,0,1,4,0,1,0,1,0,13,1,0,0,8,4,8,8,0,0,24,9,1,1,1,0
20200906,0,SDN,NL,42,5,35,9,2,0,1,5,0,1,1,3,0,6,2,0,0,8,3,3,3,0,0,27,5,1,0,0,0
20200918,0,SDN,NL,52,6,33,7,1,0,2,5,0,0,0,7,0,7,2,1,0,7,4,1,1,0,0,27,13,0,0,1,0
20200919,0,SDN,NL,53,1,32,9,1,0,0,1,0,0,1,2,0,6,0,2,1,7,5,4,4,1,0,24,10,0,0,0,0
20200920,0,SDN,NL,54,7,39,6,2,0,1,6,0,0,1,7,0,9,4,0,1,9,5,3,3,2,0,33,7,0,0,1,0
20200925,1,SDN,NL,57,4,26,6,2,1,0,3,0,1,0,5,0,4,0,0,1,7,3,5,5,0,0,18,6,0,0,1,0
20200926,0,SDN,NL,59,6,35,9,0,0,3,6,0,1,0,1,0,8,1,0,0,4,6,2,2,0,0,27,8,0,0,0,0
20200927,0,SDN,NL,60,5,36,8,4,0,1,5,0,1,0,3,1,14,1,0,0,8,7,4,4,0,0,27,8,0,0,1,0
